Processo;Tipo;Numero;Ano;Ementa;Autor;Relator;Data_Tramitação;Local_Tramitação;Origem_Tramitação;Data_TI;Local_TI;Estado;Dias na Comissão;Dias no Estado Atual
PLO 0001/2026;PLO;0001;2026;Projeto de PLO nº 0001/2026 - Descrição do projeto número 1;Ver. TONINHO PAIVA (REPUBLICANOS);Ver. TONINHO PAIVA (REPUBLICANOS);07/02/2026 00:00:00;FIN;Recebido de SGP16;12/04/2026 00:00;Secretaria (SGP28);Rejeitado;15;21
PDL 0002/2026;PDL;0002;2026;Projeto de PDL nº 0002/2026 - Descrição do projeto número 2;Ver. CRIS MONTERO (Novo);Ver. SONINHA FRANCISCHINI (PL);13/01/2026 00:00:00;FIN;Recebido de SGP26;26/01/2026 00:00;Secretaria (SGP33);Rejeitado;57;30
PR 0003/2026;PR;0003;2026;Projeto de PR nº 0003/2026 - Descrição do projeto número 3;Ver. TONINHO PAIVA (REPUBLICANOS);Ver. EDISON SANTOS (PDT);01/01/2026 00:00:00;FIN;Recebido de SGP15;15/01/2026 00:00;Secretaria (SGP90);Aguardando Notas Taquigráficas;106;2
PDL 0004/2026;PDL;0004;2026;Projeto de PDL nº 0004/2026 - Descrição do projeto número 4;Ver. LUNA ZARATTINI (PT);Ver. SONINHA FRANCISCHINI (PL);24/01/2026 00:00:00;FIN;Recebido de SGP84;21/03/2026 00:00;Secretaria (SGP12);Estudo para manifestação do relator;50;13
PLO 0005/2026;PLO;0005;2026;Projeto de PLO nº 0005/2026 - Descrição do projeto número 5;Ver. EDISON SANTOS (PDT);Ver. KEIT LIMA (PSOL);17/01/2026 00:00:00;FIN;Recebido de SGP70;22/01/2026 00:00;Secretaria (SGP70);Encaminhado para Análise;88;22
PLO 0006/2026;PLO;0006;2026;Projeto de PLO nº 0006/2026 - Descrição do projeto número 6;Ver. TONINHO PAIVA (REPUBLICANOS);Sem Relator Designado;16/03/2026 00:00:00;FIN;Recebido de SGP96;04/01/2026 00:00;Secretaria (SGP81);Aguardando Pareceres;61;4
PL 0007/2026;PL;0007;2026;Projeto de PL nº 0007/2026 - Descrição do projeto número 7;Ver. TONINHO PAIVA (REPUBLICANOS);Ver. FERNANDO HOLIDAY (Constituinte Exclusivo);27/02/2026 00:00:00;FIN;Recebido de SGP30;21/04/2026 00:00;Secretaria (SGP28);Aprovado;120;17
PR 0008/2026;PR;0008;2026;Projeto de PR nº 0008/2026 - Descrição do projeto número 8;Ver. DELEGADO JOÃO PAULO (PSD);Ver. TONINHO PAIVA (REPUBLICANOS);01/03/2026 00:00:00;FIN;Recebido de SGP64;25/05/2026 00:00;Secretaria (SGP47);Aguardando Notas Taquigráficas;82;23
PL 0009/2026;PL;0009;2026;Projeto de PL nº 0009/2026 - Descrição do projeto número 9;Ver. TONINHO PAIVA (REPUBLICANOS);Sem Relator Designado;13/04/2026 00:00:00;FIN;Recebido de SGP58;24/04/2026 00:00;Secretaria (SGP21);Aguardando Pareceres;18;6
PDL 0010/2026;PDL;0010;2026;Projeto de PDL nº 0010/2026 - Descrição do projeto número 10;Ver. JOSÉ POLICE NETO (PSDB);Ver. EDISON SANTOS (PDT);30/01/2026 00:00:00;FIN;Recebido de SGP19;06/01/2026 00:00;Secretaria (SGP98);Encaminhado para Análise;93;20
PLO 0011/2026;PLO;0011;2026;Projeto de PLO nº 0011/2026 - Descrição do projeto número 11;Ver. DELEGADO JOÃO PAULO (PSD);Ver. SONINHA FRANCISCHINI (PL);11/01/2026 00:00:00;FIN;Recebido de SGP57;23/04/2026 00:00;Secretaria (SGP43);Estudo para manifestação do relator;64;24
PR 0012/2026;PR;0012;2026;Projeto de PR nº 0012/2026 - Descrição do projeto número 12;Ver. DELEGADO JOÃO PAULO (PSD);Ver. SONINHA FRANCISCHINI (PL);22/05/2026 00:00:00;FIN;Recebido de SGP84;12/04/2026 00:00;Secretaria (SGP60);Encaminhado para Análise;29;10
PDL 0013/2026;PDL;0013;2026;Projeto de PDL nº 0013/2026 - Descrição do projeto número 13;Ver. EDISON SANTOS (PDT);Sem Relator Designado;25/05/2026 00:00:00;FIN;Recebido de SGP56;09/03/2026 00:00;Secretaria (SGP28);Estudo para manifestação do relator;4;20
PL 0014/2026;PL;0014;2026;Projeto de PL nº 0014/2026 - Descrição do projeto número 14;Ver. FERNANDO HOLIDAY (Constituinte Exclusivo);Ver. LUNA ZARATTINI (PT);31/05/2026 00:00:00;FIN;Recebido de SGP64;17/04/2026 00:00;Secretaria (SGP76);Encaminhado para Análise;108;4
PDL 0015/2026;PDL;0015;2026;Projeto de PDL nº 0015/2026 - Descrição do projeto número 15;Ver. CRIS MONTERO (Novo);Ver. TONINHO PAIVA (REPUBLICANOS);16/03/2026 00:00:00;FIN;Recebido de SGP47;01/03/2026 00:00;Secretaria (SGP27);Aguardando Notas Taquigráficas;88;8
PR 0016/2026;PR;0016;2026;Projeto de PR nº 0016/2026 - Descrição do projeto número 16;Ver. CRIS MONTERO (Novo);Sem Relator Designado;30/04/2026 00:00:00;FIN;Recebido de SGP42;11/02/2026 00:00;Secretaria (SGP20);Encaminhado para Análise;20;27
PL 0017/2026;PL;0017;2026;Projeto de PL nº 0017/2026 - Descrição do projeto número 17;Ver. DELEGADO JOÃO PAULO (PSD);Sem Relator Designado;03/03/2026 00:00:00;FIN;Recebido de SGP74;02/01/2026 00:00;Secretaria (SGP46);Aguardando Pareceres;30;26
PLO 0018/2026;PLO;0018;2026;Projeto de PLO nº 0018/2026 - Descrição do projeto número 18;Ver. EDISON SANTOS (PDT);Ver. KEIT LIMA (PSOL);23/01/2026 00:00:00;FIN;Recebido de SGP37;10/02/2026 00:00;Secretaria (SGP42);Rejeitado;35;23
PR 0019/2026;PR;0019;2026;Projeto de PR nº 0019/2026 - Descrição do projeto número 19;Ver. JOSÉ POLICE NETO (PSDB);Ver. FERNANDO HOLIDAY (Constituinte Exclusivo);11/01/2026 00:00:00;FIN;Recebido de SGP58;07/04/2026 00:00;Secretaria (SGP66);Estudo para manifestação do relator;71;17
PDL 0020/2026;PDL;0020;2026;Projeto de PDL nº 0020/2026 - Descrição do projeto número 20;Ver. DELEGADO JOÃO PAULO (PSD);Ver. TONINHO PAIVA (REPUBLICANOS);18/04/2026 00:00:00;FIN;Recebido de SGP84;15/04/2026 00:00;Secretaria (SGP81);Aprovado;63;15
PL 0021/2026;PL;0021;2026;Projeto de PL nº 0021/2026 - Descrição do projeto número 21;Ver. TONINHO PAIVA (REPUBLICANOS);Ver. LUNA ZARATTINI (PT);21/03/2026 00:00:00;FIN;Recebido de SGP86;25/03/2026 00:00;Secretaria (SGP29);Aguardando Pareceres;79;4
PL 0022/2026;PL;0022;2026;Projeto de PL nº 0022/2026 - Descrição do projeto número 22;Ver. LUNA ZARATTINI (PT);Ver. FERNANDO HOLIDAY (Constituinte Exclusivo);23/02/2026 00:00:00;FIN;Recebido de SGP80;20/01/2026 00:00;Secretaria (SGP57);Recebido;41;28
PR 0023/2026;PR;0023;2026;Projeto de PR nº 0023/2026 - Descrição do projeto número 23;Ver. TONINHO PAIVA (REPUBLICANOS);Ver. EDISON SANTOS (PDT);05/04/2026 00:00:00;FIN;Recebido de SGP14;05/04/2026 00:00;Secretaria (SGP79);Em votação;35;28
PR 0024/2026;PR;0024;2026;Projeto de PR nº 0024/2026 - Descrição do projeto número 24;Ver. EDISON SANTOS (PDT);Sem Relator Designado;31/01/2026 00:00:00;FIN;Recebido de SGP34;15/05/2026 00:00;Secretaria (SGP33);Aguardando Pareceres;95;17
PR 0025/2026;PR;0025;2026;Projeto de PR nº 0025/2026 - Descrição do projeto número 25;Ver. SONINHA FRANCISCHINI (PL);Ver. KEIT LIMA (PSOL);25/03/2026 00:00:00;FIN;Recebido de SGP27;11/01/2026 00:00;Secretaria (SGP61);Aguardando Pareceres;25;10
PL 0026/2026;PL;0026;2026;Projeto de PL nº 0026/2026 - Descrição do projeto número 26;Ver. FERNANDO HOLIDAY (Constituinte Exclusivo);Ver. SONINHA FRANCISCHINI (PL);19/03/2026 00:00:00;FIN;Recebido de SGP37;07/03/2026 00:00;Secretaria (SGP96);Aguardando Pareceres;75;14
PR 0027/2026;PR;0027;2026;Projeto de PR nº 0027/2026 - Descrição do projeto número 27;Ver. FERNANDO HOLIDAY (Constituinte Exclusivo);Ver. FERNANDO HOLIDAY (Constituinte Exclusivo);18/01/2026 00:00:00;FIN;Recebido de SGP67;29/03/2026 00:00;Secretaria (SGP62);Rejeitado;100;12
PR 0028/2026;PR;0028;2026;Projeto de PR nº 0028/2026 - Descrição do projeto número 28;Ver. CRIS MONTERO (Novo);Ver. FERNANDO HOLIDAY (Constituinte Exclusivo);10/04/2026 00:00:00;FIN;Recebido de SGP60;01/01/2026 00:00;Secretaria (SGP66);Rejeitado;39;8
PLO 0029/2026;PLO;0029;2026;Projeto de PLO nº 0029/2026 - Descrição do projeto número 29;Ver. CRIS MONTERO (Novo);Ver. KEIT LIMA (PSOL);27/04/2026 00:00:00;FIN;Recebido de SGP42;07/02/2026 00:00;Secretaria (SGP28);Recebido;30;15
PLO 0030/2026;PLO;0030;2026;Projeto de PLO nº 0030/2026 - Descrição do projeto número 30;Ver. TONINHO PAIVA (REPUBLICANOS);Ver. MILTON COELHO (PP);10/05/2026 00:00:00;FIN;Recebido de SGP86;07/03/2026 00:00;Secretaria (SGP90);Aguardando Pareceres;78;23
PDL 0031/2026;PDL;0031;2026;Projeto de PDL nº 0031/2026 - Descrição do projeto número 31;Ver. LUNA ZARATTINI (PT);Ver. TONINHO PAIVA (REPUBLICANOS);04/03/2026 00:00:00;FIN;Recebido de SGP59;15/01/2026 00:00;Secretaria (SGP72);Aprovado;1;5
PR 0032/2026;PR;0032;2026;Projeto de PR nº 0032/2026 - Descrição do projeto número 32;Ver. DELEGADO JOÃO PAULO (PSD);Ver. KEIT LIMA (PSOL);11/04/2026 00:00:00;FIN;Recebido de SGP76;12/03/2026 00:00;Secretaria (SGP70);Estudo para manifestação do relator;67;30
PLO 0033/2026;PLO;0033;2026;Projeto de PLO nº 0033/2026 - Descrição do projeto número 33;Ver. JOSÉ POLICE NETO (PSDB);Ver. FERNANDO HOLIDAY (Constituinte Exclusivo);04/04/2026 00:00:00;FIN;Recebido de SGP66;04/05/2026 00:00;Secretaria (SGP96);Encaminhado para Análise;48;30
PDL 0034/2026;PDL;0034;2026;Projeto de PDL nº 0034/2026 - Descrição do projeto número 34;Ver. SONINHA FRANCISCHINI (PL);Ver. MILTON COELHO (PP);23/03/2026 00:00:00;FIN;Recebido de SGP49;16/04/2026 00:00;Secretaria (SGP17);Aprovado;107;20
PL 0035/2026;PL;0035;2026;Projeto de PL nº 0035/2026 - Descrição do projeto número 35;Ver. FERNANDO HOLIDAY (Constituinte Exclusivo);Ver. MILTON COELHO (PP);20/05/2026 00:00:00;FIN;Recebido de SGP93;02/02/2026 00:00;Secretaria (SGP90);Recebido;56;2
PDL 0036/2026;PDL;0036;2026;Projeto de PDL nº 0036/2026 - Descrição do projeto número 36;Ver. SONINHA FRANCISCHINI (PL);Ver. MILTON COELHO (PP);08/05/2026 00:00:00;FIN;Recebido de SGP99;10/01/2026 00:00;Secretaria (SGP31);Em votação;17;13
PL 0037/2026;PL;0037;2026;Projeto de PL nº 0037/2026 - Descrição do projeto número 37;Ver. LUNA ZARATTINI (PT);Ver. FERNANDO HOLIDAY (Constituinte Exclusivo);24/04/2026 00:00:00;FIN;Recebido de SGP77;26/05/2026 00:00;Secretaria (SGP52);Estudo para manifestação do relator;114;25
PLO 0038/2026;PLO;0038;2026;Projeto de PLO nº 0038/2026 - Descrição do projeto número 38;Ver. CRIS MONTERO (Novo);Ver. KEIT LIMA (PSOL);28/04/2026 00:00:00;FIN;Recebido de SGP49;29/01/2026 00:00;Secretaria (SGP56);Rejeitado;88;14
PLO 0039/2026;PLO;0039;2026;Projeto de PLO nº 0039/2026 - Descrição do projeto número 39;Ver. JOSÉ POLICE NETO (PSDB);Ver. EDISON SANTOS (PDT);13/02/2026 00:00:00;FIN;Recebido de SGP16;07/04/2026 00:00;Secretaria (SGP38);Rejeitado;55;15
PLO 0040/2026;PLO;0040;2026;Projeto de PLO nº 0040/2026 - Descrição do projeto número 40;Ver. LUNA ZARATTINI (PT);Ver. FERNANDO HOLIDAY (Constituinte Exclusivo);13/05/2026 00:00:00;FIN;Recebido de SGP79;18/05/2026 00:00;Secretaria (SGP89);Recebido;34;24
PLO 0041/2026;PLO;0041;2026;Projeto de PLO nº 0041/2026 - Descrição do projeto número 41;Ver. TONINHO PAIVA (REPUBLICANOS);Ver. JOSÉ POLICE NETO (PSDB);05/04/2026 00:00:00;FIN;Recebido de SGP77;26/02/2026 00:00;Secretaria (SGP25);Aprovado;37;21
PR 0042/2026;PR;0042;2026;Projeto de PR nº 0042/2026 - Descrição do projeto número 42;Ver. TONINHO PAIVA (REPUBLICANOS);Ver. TONINHO PAIVA (REPUBLICANOS);09/01/2026 00:00:00;FIN;Recebido de SGP93;06/03/2026 00:00;Secretaria (SGP31);Estudo para manifestação do relator;61;25
PL 0043/2026;PL;0043;2026;Projeto de PL nº 0043/2026 - Descrição do projeto número 43;Ver. LUNA ZARATTINI (PT);Ver. KEIT LIMA (PSOL);26/02/2026 00:00:00;FIN;Recebido de SGP10;09/02/2026 00:00;Secretaria (SGP71);Estudo para manifestação do relator;73;4
PR 0044/2026;PR;0044;2026;Projeto de PR nº 0044/2026 - Descrição do projeto número 44;Ver. FERNANDO HOLIDAY (Constituinte Exclusivo);Ver. MILTON COELHO (PP);16/01/2026 00:00:00;FIN;Recebido de SGP53;03/01/2026 00:00;Secretaria (SGP65);Aguardando Pareceres;75;14
PLO 0045/2026;PLO;0045;2026;Projeto de PLO nº 0045/2026 - Descrição do projeto número 45;Ver. DELEGADO JOÃO PAULO (PSD);Ver. EDISON SANTOS (PDT);07/02/2026 00:00:00;FIN;Recebido de SGP22;22/04/2026 00:00;Secretaria (SGP58);Aguardando Notas Taquigráficas;28;13
PLO 0046/2026;PLO;0046;2026;Projeto de PLO nº 0046/2026 - Descrição do projeto número 46;Ver. FERNANDO HOLIDAY (Constituinte Exclusivo);Ver. TONINHO PAIVA (REPUBLICANOS);26/03/2026 00:00:00;FIN;Recebido de SGP81;24/02/2026 00:00;Secretaria (SGP51);Estudo para manifestação do relator;43;7
PL 0047/2026;PL;0047;2026;Projeto de PL nº 0047/2026 - Descrição do projeto número 47;Ver. SONINHA FRANCISCHINI (PL);Ver. KEIT LIMA (PSOL);01/05/2026 00:00:00;FIN;Recebido de SGP39;27/03/2026 00:00;Secretaria (SGP64);Recebido;36;3
PL 0048/2026;PL;0048;2026;Projeto de PL nº 0048/2026 - Descrição do projeto número 48;Ver. EDISON SANTOS (PDT);Ver. FERNANDO HOLIDAY (Constituinte Exclusivo);18/03/2026 00:00:00;FIN;Recebido de SGP47;03/02/2026 00:00;Secretaria (SGP93);Em votação;91;9
PLO 0049/2026;PLO;0049;2026;Projeto de PLO nº 0049/2026 - Descrição do projeto número 49;Ver. LUNA ZARATTINI (PT);Ver. MILTON COELHO (PP);24/05/2026 00:00:00;FIN;Recebido de SGP28;23/04/2026 00:00;Secretaria (SGP18);Estudo para manifestação do relator;70;10
PDL 0050/2026;PDL;0050;2026;Projeto de PDL nº 0050/2026 - Descrição do projeto número 50;Ver. FERNANDO HOLIDAY (Constituinte Exclusivo);Ver. EDISON SANTOS (PDT);23/04/2026 00:00:00;FIN;Recebido de SGP61;15/03/2026 00:00;Secretaria (SGP99);Encaminhado para Análise;59;18
PDL 0051/2026;PDL;0051;2026;Projeto de PDL nº 0051/2026 - Descrição do projeto número 51;Ver. JOSÉ POLICE NETO (PSDB);Ver. SONINHA FRANCISCHINI (PL);25/05/2026 00:00:00;FIN;Recebido de SGP45;18/05/2026 00:00;Secretaria (SGP69);Aguardando Pareceres;100;19
PDL 0052/2026;PDL;0052;2026;Projeto de PDL nº 0052/2026 - Descrição do projeto número 52;Ver. FERNANDO HOLIDAY (Constituinte Exclusivo);Ver. FERNANDO HOLIDAY (Constituinte Exclusivo);08/01/2026 00:00:00;FIN;Recebido de SGP10;05/04/2026 00:00;Secretaria (SGP49);Em votação;40;8
PL 0053/2026;PL;0053;2026;Projeto de PL nº 0053/2026 - Descrição do projeto número 53;Ver. SONINHA FRANCISCHINI (PL);Ver. JOSÉ POLICE NETO (PSDB);07/04/2026 00:00:00;FIN;Recebido de SGP77;20/03/2026 00:00;Secretaria (SGP86);Aguardando Notas Taquigráficas;24;11
PL 0054/2026;PL;0054;2026;Projeto de PL nº 0054/2026 - Descrição do projeto número 54;Ver. TONINHO PAIVA (REPUBLICANOS);Ver. KEIT LIMA (PSOL);17/04/2026 00:00:00;FIN;Recebido de SGP98;16/05/2026 00:00;Secretaria (SGP26);Em votação;119;23
PL 0055/2026;PL;0055;2026;Projeto de PL nº 0055/2026 - Descrição do projeto número 55;Ver. LUNA ZARATTINI (PT);Ver. LUNA ZARATTINI (PT);11/01/2026 00:00:00;FIN;Recebido de SGP87;19/05/2026 00:00;Secretaria (SGP45);Aguardando Notas Taquigráficas;53;7
PDL 0056/2026;PDL;0056;2026;Projeto de PDL nº 0056/2026 - Descrição do projeto número 56;Ver. TONINHO PAIVA (REPUBLICANOS);Ver. KEIT LIMA (PSOL);11/01/2026 00:00:00;FIN;Recebido de SGP27;05/02/2026 00:00;Secretaria (SGP27);Aprovado;103;1
PL 0057/2026;PL;0057;2026;Projeto de PL nº 0057/2026 - Descrição do projeto número 57;Ver. TONINHO PAIVA (REPUBLICANOS);Ver. EDISON SANTOS (PDT);16/03/2026 00:00:00;FIN;Recebido de SGP95;18/01/2026 00:00;Secretaria (SGP82);Em votação;59;5
PLO 0058/2026;PLO;0058;2026;Projeto de PLO nº 0058/2026 - Descrição do projeto número 58;Ver. JOSÉ POLICE NETO (PSDB);Ver. JOSÉ POLICE NETO (PSDB);14/03/2026 00:00:00;FIN;Recebido de SGP88;07/01/2026 00:00;Secretaria (SGP58);Estudo para manifestação do relator;76;27
PLO 0059/2026;PLO;0059;2026;Projeto de PLO nº 0059/2026 - Descrição do projeto número 59;Ver. DELEGADO JOÃO PAULO (PSD);Sem Relator Designado;03/01/2026 00:00:00;FIN;Recebido de SGP95;21/02/2026 00:00;Secretaria (SGP25);Em votação;59;8
PDL 0060/2026;PDL;0060;2026;Projeto de PDL nº 0060/2026 - Descrição do projeto número 60;Ver. JOSÉ POLICE NETO (PSDB);Ver. SONINHA FRANCISCHINI (PL);06/02/2026 00:00:00;FIN;Recebido de SGP60;30/01/2026 00:00;Secretaria (SGP14);Em votação;67;27
PL 0061/2026;PL;0061;2026;Projeto de PL nº 0061/2026 - Descrição do projeto número 61;Ver. JOSÉ POLICE NETO (PSDB);Ver. MILTON COELHO (PP);15/01/2026 00:00:00;FIN;Recebido de SGP55;16/03/2026 00:00;Secretaria (SGP96);Encaminhado para Análise;15;20
PLO 0062/2026;PLO;0062;2026;Projeto de PLO nº 0062/2026 - Descrição do projeto número 62;Ver. EDISON SANTOS (PDT);Sem Relator Designado;23/01/2026 00:00:00;FIN;Recebido de SGP13;13/04/2026 00:00;Secretaria (SGP95);Encaminhado para Análise;116;9
PLO 0063/2026;PLO;0063;2026;Projeto de PLO nº 0063/2026 - Descrição do projeto número 63;Ver. SONINHA FRANCISCHINI (PL);Ver. SONINHA FRANCISCHINI (PL);28/05/2026 00:00:00;FIN;Recebido de SGP37;29/05/2026 00:00;Secretaria (SGP73);Aprovado;23;11
PL 0064/2026;PL;0064;2026;Projeto de PL nº 0064/2026 - Descrição do projeto número 64;Ver. TONINHO PAIVA (REPUBLICANOS);Ver. MILTON COELHO (PP);06/02/2026 00:00:00;FIN;Recebido de SGP26;12/04/2026 00:00;Secretaria (SGP85);Recebido;88;14
PLO 0065/2026;PLO;0065;2026;Projeto de PLO nº 0065/2026 - Descrição do projeto número 65;Ver. TONINHO PAIVA (REPUBLICANOS);Ver. JOSÉ POLICE NETO (PSDB);16/04/2026 00:00:00;FIN;Recebido de SGP33;18/04/2026 00:00;Secretaria (SGP13);Recebido;86;12
PLO 0066/2026;PLO;0066;2026;Projeto de PLO nº 0066/2026 - Descrição do projeto número 66;Ver. LUNA ZARATTINI (PT);Ver. KEIT LIMA (PSOL);21/01/2026 00:00:00;FIN;Recebido de SGP34;22/01/2026 00:00;Secretaria (SGP43);Aguardando Notas Taquigráficas;117;23
PR 0067/2026;PR;0067;2026;Projeto de PR nº 0067/2026 - Descrição do projeto número 67;Ver. CRIS MONTERO (Novo);Ver. SONINHA FRANCISCHINI (PL);29/01/2026 00:00:00;FIN;Recebido de SGP54;20/03/2026 00:00;Secretaria (SGP44);Em votação;13;12
PL 0068/2026;PL;0068;2026;Projeto de PL nº 0068/2026 - Descrição do projeto número 68;Ver. EDISON SANTOS (PDT);Ver. TONINHO PAIVA (REPUBLICANOS);03/04/2026 00:00:00;FIN;Recebido de SGP72;17/05/2026 00:00;Secretaria (SGP77);Aguardando Pareceres;52;25
PDL 0069/2026;PDL;0069;2026;Projeto de PDL nº 0069/2026 - Descrição do projeto número 69;Ver. LUNA ZARATTINI (PT);Sem Relator Designado;12/05/2026 00:00:00;FIN;Recebido de SGP41;15/03/2026 00:00;Secretaria (SGP16);Rejeitado;80;15
PDL 0070/2026;PDL;0070;2026;Projeto de PDL nº 0070/2026 - Descrição do projeto número 70;Ver. CRIS MONTERO (Novo);Ver. SONINHA FRANCISCHINI (PL);04/02/2026 00:00:00;FIN;Recebido de SGP47;29/03/2026 00:00;Secretaria (SGP43);Rejeitado;26;26
PLO 0071/2026;PLO;0071;2026;Projeto de PLO nº 0071/2026 - Descrição do projeto número 71;Ver. LUNA ZARATTINI (PT);Ver. TONINHO PAIVA (REPUBLICANOS);16/04/2026 00:00:00;FIN;Recebido de SGP77;29/01/2026 00:00;Secretaria (SGP51);Aguardando Pareceres;46;17
PL 0072/2026;PL;0072;2026;Projeto de PL nº 0072/2026 - Descrição do projeto número 72;Ver. CRIS MONTERO (Novo);Ver. TONINHO PAIVA (REPUBLICANOS);12/01/2026 00:00:00;FIN;Recebido de SGP83;15/05/2026 00:00;Secretaria (SGP47);Em votação;89;19
PDL 0073/2026;PDL;0073;2026;Projeto de PDL nº 0073/2026 - Descrição do projeto número 73;Ver. FERNANDO HOLIDAY (Constituinte Exclusivo);Ver. TONINHO PAIVA (REPUBLICANOS);10/01/2026 00:00:00;FIN;Recebido de SGP82;21/03/2026 00:00;Secretaria (SGP31);Recebido;25;29
PL 0074/2026;PL;0074;2026;Projeto de PL nº 0074/2026 - Descrição do projeto número 74;Ver. TONINHO PAIVA (REPUBLICANOS);Sem Relator Designado;28/01/2026 00:00:00;FIN;Recebido de SGP42;11/05/2026 00:00;Secretaria (SGP35);Rejeitado;43;7
PR 0075/2026;PR;0075;2026;Projeto de PR nº 0075/2026 - Descrição do projeto número 75;Ver. TONINHO PAIVA (REPUBLICANOS);Ver. LUNA ZARATTINI (PT);15/04/2026 00:00:00;FIN;Recebido de SGP78;18/03/2026 00:00;Secretaria (SGP32);Em votação;45;2
PL 0076/2026;PL;0076;2026;Projeto de PL nº 0076/2026 - Descrição do projeto número 76;Ver. FERNANDO HOLIDAY (Constituinte Exclusivo);Ver. KEIT LIMA (PSOL);06/05/2026 00:00:00;FIN;Recebido de SGP91;03/03/2026 00:00;Secretaria (SGP55);Aguardando Pareceres;118;16
PL 0077/2026;PL;0077;2026;Projeto de PL nº 0077/2026 - Descrição do projeto número 77;Ver. LUNA ZARATTINI (PT);Ver. EDISON SANTOS (PDT);21/05/2026 00:00:00;FIN;Recebido de SGP43;08/01/2026 00:00;Secretaria (SGP44);Em votação;63;9
PLO 0078/2026;PLO;0078;2026;Projeto de PLO nº 0078/2026 - Descrição do projeto número 78;Ver. SONINHA FRANCISCHINI (PL);Ver. JOSÉ POLICE NETO (PSDB);25/05/2026 00:00:00;FIN;Recebido de SGP54;03/02/2026 00:00;Secretaria (SGP67);Recebido;87;7
PR 0079/2026;PR;0079;2026;Projeto de PR nº 0079/2026 - Descrição do projeto número 79;Ver. DELEGADO JOÃO PAULO (PSD);Ver. SONINHA FRANCISCHINI (PL);13/01/2026 00:00:00;FIN;Recebido de SGP30;03/01/2026 00:00;Secretaria (SGP23);Em votação;68;19
PR 0080/2026;PR;0080;2026;Projeto de PR nº 0080/2026 - Descrição do projeto número 80;Ver. JOSÉ POLICE NETO (PSDB);Ver. MILTON COELHO (PP);28/01/2026 00:00:00;FIN;Recebido de SGP91;02/05/2026 00:00;Secretaria (SGP30);Recebido;40;26
PL 0081/2026;PL;0081;2026;Projeto de PL nº 0081/2026 - Descrição do projeto número 81;Ver. FERNANDO HOLIDAY (Constituinte Exclusivo);Ver. LUNA ZARATTINI (PT);14/02/2026 00:00:00;FIN;Recebido de SGP25;18/04/2026 00:00;Secretaria (SGP64);Estudo para manifestação do relator;111;29
PL 0082/2026;PL;0082;2026;Projeto de PL nº 0082/2026 - Descrição do projeto número 82;Ver. EDISON SANTOS (PDT);Sem Relator Designado;07/03/2026 00:00:00;FIN;Recebido de SGP42;19/05/2026 00:00;Secretaria (SGP60);Rejeitado;26;15
PLO 0083/2026;PLO;0083;2026;Projeto de PLO nº 0083/2026 - Descrição do projeto número 83;Ver. CRIS MONTERO (Novo);Ver. SONINHA FRANCISCHINI (PL);22/05/2026 00:00:00;FIN;Recebido de SGP73;28/01/2026 00:00;Secretaria (SGP56);Rejeitado;20;7
PLO 0084/2026;PLO;0084;2026;Projeto de PLO nº 0084/2026 - Descrição do projeto número 84;Ver. DELEGADO JOÃO PAULO (PSD);Ver. JOSÉ POLICE NETO (PSDB);03/04/2026 00:00:00;FIN;Recebido de SGP34;16/01/2026 00:00;Secretaria (SGP61);Em votação;65;3
PR 0085/2026;PR;0085;2026;Projeto de PR nº 0085/2026 - Descrição do projeto número 85;Ver. JOSÉ POLICE NETO (PSDB);Ver. SONINHA FRANCISCHINI (PL);13/05/2026 00:00:00;FIN;Recebido de SGP40;15/01/2026 00:00;Secretaria (SGP34);Aguardando Notas Taquigráficas;13;25
PR 0086/2026;PR;0086;2026;Projeto de PR nº 0086/2026 - Descrição do projeto número 86;Ver. JOSÉ POLICE NETO (PSDB);Ver. FERNANDO HOLIDAY (Constituinte Exclusivo);16/03/2026 00:00:00;FIN;Recebido de SGP50;17/05/2026 00:00;Secretaria (SGP24);Aguardando Notas Taquigráficas;6;29
PDL 0087/2026;PDL;0087;2026;Projeto de PDL nº 0087/2026 - Descrição do projeto número 87;Ver. FERNANDO HOLIDAY (Constituinte Exclusivo);Ver. TONINHO PAIVA (REPUBLICANOS);21/05/2026 00:00:00;FIN;Recebido de SGP12;14/05/2026 00:00;Secretaria (SGP21);Aguardando Notas Taquigráficas;104;22
PL 0088/2026;PL;0088;2026;Projeto de PL nº 0088/2026 - Descrição do projeto número 88;Ver. DELEGADO JOÃO PAULO (PSD);Ver. EDISON SANTOS (PDT);31/05/2026 00:00:00;FIN;Recebido de SGP14;22/04/2026 00:00;Secretaria (SGP10);Encaminhado para Análise;25;21
PR 0089/2026;PR;0089;2026;Projeto de PR nº 0089/2026 - Descrição do projeto número 89;Ver. SONINHA FRANCISCHINI (PL);Ver. EDISON SANTOS (PDT);29/01/2026 00:00:00;FIN;Recebido de SGP17;28/05/2026 00:00;Secretaria (SGP51);Estudo para manifestação do relator;77;24
PLO 0090/2026;PLO;0090;2026;Projeto de PLO nº 0090/2026 - Descrição do projeto número 90;Ver. CRIS MONTERO (Novo);Ver. EDISON SANTOS (PDT);09/04/2026 00:00:00;FIN;Recebido de SGP41;14/01/2026 00:00;Secretaria (SGP52);Aguardando Notas Taquigráficas;24;12
PDL 0091/2026;PDL;0091;2026;Projeto de PDL nº 0091/2026 - Descrição do projeto número 91;Ver. LUNA ZARATTINI (PT);Ver. JOSÉ POLICE NETO (PSDB);20/04/2026 00:00:00;FIN;Recebido de SGP68;14/02/2026 00:00;Secretaria (SGP64);Recebido;12;9
PR 0092/2026;PR;0092;2026;Projeto de PR nº 0092/2026 - Descrição do projeto número 92;Ver. DELEGADO JOÃO PAULO (PSD);Sem Relator Designado;18/04/2026 00:00:00;FIN;Recebido de SGP90;23/02/2026 00:00;Secretaria (SGP99);Em votação;119;14
PDL 0093/2026;PDL;0093;2026;Projeto de PDL nº 0093/2026 - Descrição do projeto número 93;Ver. TONINHO PAIVA (REPUBLICANOS);Ver. FERNANDO HOLIDAY (Constituinte Exclusivo);24/02/2026 00:00:00;FIN;Recebido de SGP23;01/04/2026 00:00;Secretaria (SGP84);Aguardando Pareceres;53;8
PL 0094/2026;PL;0094;2026;Projeto de PL nº 0094/2026 - Descrição do projeto número 94;Ver. CRIS MONTERO (Novo);Ver. EDISON SANTOS (PDT);06/02/2026 00:00:00;FIN;Recebido de SGP91;28/01/2026 00:00;Secretaria (SGP57);Recebido;91;27
PLO 0095/2026;PLO;0095;2026;Projeto de PLO nº 0095/2026 - Descrição do projeto número 95;Ver. EDISON SANTOS (PDT);Ver. MILTON COELHO (PP);10/02/2026 00:00:00;FIN;Recebido de SGP55;09/03/2026 00:00;Secretaria (SGP32);Aprovado;57;29
PDL 0096/2026;PDL;0096;2026;Projeto de PDL nº 0096/2026 - Descrição do projeto número 96;Ver. FERNANDO HOLIDAY (Constituinte Exclusivo);Ver. KEIT LIMA (PSOL);10/03/2026 00:00:00;FIN;Recebido de SGP20;13/01/2026 00:00;Secretaria (SGP10);Aguardando Pareceres;5;11
PLO 0097/2026;PLO;0097;2026;Projeto de PLO nº 0097/2026 - Descrição do projeto número 97;Ver. FERNANDO HOLIDAY (Constituinte Exclusivo);Ver. SONINHA FRANCISCHINI (PL);06/04/2026 00:00:00;FIN;Recebido de SGP63;09/03/2026 00:00;Secretaria (SGP56);Aguardando Notas Taquigráficas;112;20
PDL 0098/2026;PDL;0098;2026;Projeto de PDL nº 0098/2026 - Descrição do projeto número 98;Ver. SONINHA FRANCISCHINI (PL);Ver. TONINHO PAIVA (REPUBLICANOS);31/05/2026 00:00:00;FIN;Recebido de SGP48;16/01/2026 00:00;Secretaria (SGP41);Em votação;89;12
PR 0099/2026;PR;0099;2026;Projeto de PR nº 0099/2026 - Descrição do projeto número 99;Ver. EDISON SANTOS (PDT);Ver. SONINHA FRANCISCHINI (PL);09/03/2026 00:00:00;FIN;Recebido de SGP69;05/02/2026 00:00;Secretaria (SGP17);Em votação;42;24
PLO 0100/2026;PLO;0100;2026;Projeto de PLO nº 0100/2026 - Descrição do projeto número 100;Ver. DELEGADO JOÃO PAULO (PSD);Ver. FERNANDO HOLIDAY (Constituinte Exclusivo);16/05/2026 00:00:00;FIN;Recebido de SGP48;13/03/2026 00:00;Secretaria (SGP67);Recebido;89;4
PR 0101/2026;PR;0101;2026;Projeto de PR nº 0101/2026 - Descrição do projeto número 101;Ver. EDISON SANTOS (PDT);Ver. JOSÉ POLICE NETO (PSDB);25/05/2026 00:00:00;FIN;Recebido de SGP27;14/02/2026 00:00;Secretaria (SGP23);Aguardando Pareceres;12;20
PR 0102/2026;PR;0102;2026;Projeto de PR nº 0102/2026 - Descrição do projeto número 102;Ver. EDISON SANTOS (PDT);Ver. MILTON COELHO (PP);04/02/2026 00:00:00;FIN;Recebido de SGP79;10/03/2026 00:00;Secretaria (SGP52);Rejeitado;84;9
PR 0103/2026;PR;0103;2026;Projeto de PR nº 0103/2026 - Descrição do projeto número 103;Ver. JOSÉ POLICE NETO (PSDB);Ver. FERNANDO HOLIDAY (Constituinte Exclusivo);20/01/2026 00:00:00;FIN;Recebido de SGP72;09/01/2026 00:00;Secretaria (SGP97);Rejeitado;7;15
PR 0104/2026;PR;0104;2026;Projeto de PR nº 0104/2026 - Descrição do projeto número 104;Ver. FERNANDO HOLIDAY (Constituinte Exclusivo);Ver. KEIT LIMA (PSOL);28/05/2026 00:00:00;FIN;Recebido de SGP80;27/02/2026 00:00;Secretaria (SGP75);Em votação;68;2
PLO 0105/2026;PLO;0105;2026;Projeto de PLO nº 0105/2026 - Descrição do projeto número 105;Ver. JOSÉ POLICE NETO (PSDB);Ver. JOSÉ POLICE NETO (PSDB);05/01/2026 00:00:00;FIN;Recebido de SGP64;28/05/2026 00:00;Secretaria (SGP13);Em votação;90;21
PLO 0106/2026;PLO;0106;2026;Projeto de PLO nº 0106/2026 - Descrição do projeto número 106;Ver. JOSÉ POLICE NETO (PSDB);Ver. EDISON SANTOS (PDT);06/03/2026 00:00:00;FIN;Recebido de SGP78;22/03/2026 00:00;Secretaria (SGP20);Encaminhado para Análise;49;19
PLO 0107/2026;PLO;0107;2026;Projeto de PLO nº 0107/2026 - Descrição do projeto número 107;Ver. DELEGADO JOÃO PAULO (PSD);Ver. KEIT LIMA (PSOL);13/05/2026 00:00:00;FIN;Recebido de SGP38;13/05/2026 00:00;Secretaria (SGP78);Aprovado;7;2
PL 0108/2026;PL;0108;2026;Projeto de PL nº 0108/2026 - Descrição do projeto número 108;Ver. EDISON SANTOS (PDT);Ver. SONINHA FRANCISCHINI (PL);22/05/2026 00:00:00;FIN;Recebido de SGP75;02/05/2026 00:00;Secretaria (SGP26);Aguardando Notas Taquigráficas;19;29
PR 0109/2026;PR;0109;2026;Projeto de PR nº 0109/2026 - Descrição do projeto número 109;Ver. LUNA ZARATTINI (PT);Ver. TONINHO PAIVA (REPUBLICANOS);11/05/2026 00:00:00;FIN;Recebido de SGP63;20/05/2026 00:00;Secretaria (SGP65);Aprovado;75;7
PL 0110/2026;PL;0110;2026;Projeto de PL nº 0110/2026 - Descrição do projeto número 110;Ver. FERNANDO HOLIDAY (Constituinte Exclusivo);Ver. SONINHA FRANCISCHINI (PL);15/02/2026 00:00:00;FIN;Recebido de SGP36;25/03/2026 00:00;Secretaria (SGP20);Rejeitado;64;16
PR 0111/2026;PR;0111;2026;Projeto de PR nº 0111/2026 - Descrição do projeto número 111;Ver. JOSÉ POLICE NETO (PSDB);Ver. JOSÉ POLICE NETO (PSDB);23/04/2026 00:00:00;FIN;Recebido de SGP50;24/05/2026 00:00;Secretaria (SGP92);Aguardando Notas Taquigráficas;96;14
PDL 0112/2026;PDL;0112;2026;Projeto de PDL nº 0112/2026 - Descrição do projeto número 112;Ver. DELEGADO JOÃO PAULO (PSD);Ver. TONINHO PAIVA (REPUBLICANOS);11/03/2026 00:00:00;FIN;Recebido de SGP29;26/01/2026 00:00;Secretaria (SGP48);Em votação;21;1
PLO 0113/2026;PLO;0113;2026;Projeto de PLO nº 0113/2026 - Descrição do projeto número 113;Ver. EDISON SANTOS (PDT);Ver. TONINHO PAIVA (REPUBLICANOS);21/01/2026 00:00:00;FIN;Recebido de SGP88;23/03/2026 00:00;Secretaria (SGP39);Em votação;86;22
PDL 0114/2026;PDL;0114;2026;Projeto de PDL nº 0114/2026 - Descrição do projeto número 114;Ver. LUNA ZARATTINI (PT);Ver. JOSÉ POLICE NETO (PSDB);19/01/2026 00:00:00;FIN;Recebido de SGP43;13/05/2026 00:00;Secretaria (SGP91);Encaminhado para Análise;19;1
PDL 0115/2026;PDL;0115;2026;Projeto de PDL nº 0115/2026 - Descrição do projeto número 115;Ver. CRIS MONTERO (Novo);Ver. LUNA ZARATTINI (PT);06/01/2026 00:00:00;FIN;Recebido de SGP59;05/01/2026 00:00;Secretaria (SGP60);Aprovado;31;3
PLO 0116/2026;PLO;0116;2026;Projeto de PLO nº 0116/2026 - Descrição do projeto número 116;Ver. TONINHO PAIVA (REPUBLICANOS);Ver. FERNANDO HOLIDAY (Constituinte Exclusivo);29/01/2026 00:00:00;FIN;Recebido de SGP83;11/01/2026 00:00;Secretaria (SGP80);Aguardando Notas Taquigráficas;97;10
PDL 0117/2026;PDL;0117;2026;Projeto de PDL nº 0117/2026 - Descrição do projeto número 117;Ver. JOSÉ POLICE NETO (PSDB);Ver. TONINHO PAIVA (REPUBLICANOS);23/05/2026 00:00:00;FIN;Recebido de SGP74;26/03/2026 00:00;Secretaria (SGP18);Aguardando Notas Taquigráficas;99;25
PLO 0118/2026;PLO;0118;2026;Projeto de PLO nº 0118/2026 - Descrição do projeto número 118;Ver. FERNANDO HOLIDAY (Constituinte Exclusivo);Ver. JOSÉ POLICE NETO (PSDB);16/04/2026 00:00:00;FIN;Recebido de SGP55;24/04/2026 00:00;Secretaria (SGP22);Aguardando Pareceres;41;9
PR 0119/2026;PR;0119;2026;Projeto de PR nº 0119/2026 - Descrição do projeto número 119;Ver. EDISON SANTOS (PDT);Ver. KEIT LIMA (PSOL);21/05/2026 00:00:00;FIN;Recebido de SGP65;27/01/2026 00:00;Secretaria (SGP25);Recebido;4;14
PDL 0120/2026;PDL;0120;2026;Projeto de PDL nº 0120/2026 - Descrição do projeto número 120;Ver. CRIS MONTERO (Novo);Sem Relator Designado;05/02/2026 00:00:00;FIN;Recebido de SGP98;19/05/2026 00:00;Secretaria (SGP98);Encaminhado para Análise;4;13
PL 0121/2026;PL;0121;2026;Projeto de PL nº 0121/2026 - Descrição do projeto número 121;Ver. TONINHO PAIVA (REPUBLICANOS);Ver. MILTON COELHO (PP);26/03/2026 00:00:00;FIN;Recebido de SGP32;28/03/2026 00:00;Secretaria (SGP47);Estudo para manifestação do relator;6;4
PL 0122/2026;PL;0122;2026;Projeto de PL nº 0122/2026 - Descrição do projeto número 122;Ver. CRIS MONTERO (Novo);Ver. FERNANDO HOLIDAY (Constituinte Exclusivo);23/05/2026 00:00:00;FIN;Recebido de SGP96;15/05/2026 00:00;Secretaria (SGP92);Aguardando Pareceres;68;20
PDL 0123/2026;PDL;0123;2026;Projeto de PDL nº 0123/2026 - Descrição do projeto número 123;Ver. EDISON SANTOS (PDT);Ver. SONINHA FRANCISCHINI (PL);01/03/2026 00:00:00;FIN;Recebido de SGP29;01/03/2026 00:00;Secretaria (SGP47);Aprovado;96;8
PLO 0124/2026;PLO;0124;2026;Projeto de PLO nº 0124/2026 - Descrição do projeto número 124;Ver. LUNA ZARATTINI (PT);Ver. LUNA ZARATTINI (PT);27/01/2026 00:00:00;FIN;Recebido de SGP93;06/02/2026 00:00;Secretaria (SGP86);Aguardando Notas Taquigráficas;9;23
PR 0125/2026;PR;0125;2026;Projeto de PR nº 0125/2026 - Descrição do projeto número 125;Ver. JOSÉ POLICE NETO (PSDB);Ver. TONINHO PAIVA (REPUBLICANOS);13/04/2026 00:00:00;FIN;Recebido de SGP60;23/03/2026 00:00;Secretaria (SGP92);Aguardando Pareceres;15;0
PDL 0126/2026;PDL;0126;2026;Projeto de PDL nº 0126/2026 - Descrição do projeto número 126;Ver. JOSÉ POLICE NETO (PSDB);Ver. EDISON SANTOS (PDT);21/01/2026 00:00:00;FIN;Recebido de SGP90;27/05/2026 00:00;Secretaria (SGP28);Em votação;118;16
PDL 0127/2026;PDL;0127;2026;Projeto de PDL nº 0127/2026 - Descrição do projeto número 127;Ver. LUNA ZARATTINI (PT);Ver. TONINHO PAIVA (REPUBLICANOS);13/02/2026 00:00:00;FIN;Recebido de SGP57;06/03/2026 00:00;Secretaria (SGP35);Rejeitado;90;11
PR 0128/2026;PR;0128;2026;Projeto de PR nº 0128/2026 - Descrição do projeto número 128;Ver. CRIS MONTERO (Novo);Ver. MILTON COELHO (PP);08/05/2026 00:00:00;FIN;Recebido de SGP19;20/02/2026 00:00;Secretaria (SGP85);Aprovado;34;3
PLO 0129/2026;PLO;0129;2026;Projeto de PLO nº 0129/2026 - Descrição do projeto número 129;Ver. CRIS MONTERO (Novo);Ver. FERNANDO HOLIDAY (Constituinte Exclusivo);15/04/2026 00:00:00;FIN;Recebido de SGP48;27/01/2026 00:00;Secretaria (SGP99);Rejeitado;79;10
PL 0130/2026;PL;0130;2026;Projeto de PL nº 0130/2026 - Descrição do projeto número 130;Ver. FERNANDO HOLIDAY (Constituinte Exclusivo);Ver. TONINHO PAIVA (REPUBLICANOS);19/02/2026 00:00:00;FIN;Recebido de SGP89;18/04/2026 00:00;Secretaria (SGP48);Rejeitado;50;16
PLO 0131/2026;PLO;0131;2026;Projeto de PLO nº 0131/2026 - Descrição do projeto número 131;Ver. CRIS MONTERO (Novo);Ver. LUNA ZARATTINI (PT);29/04/2026 00:00:00;FIN;Recebido de SGP89;19/04/2026 00:00;Secretaria (SGP60);Aprovado;56;12
PL 0132/2026;PL;0132;2026;Projeto de PL nº 0132/2026 - Descrição do projeto número 132;Ver. LUNA ZARATTINI (PT);Ver. JOSÉ POLICE NETO (PSDB);24/03/2026 00:00:00;FIN;Recebido de SGP42;14/02/2026 00:00;Secretaria (SGP55);Recebido;116;16
PLO 0133/2026;PLO;0133;2026;Projeto de PLO nº 0133/2026 - Descrição do projeto número 133;Ver. SONINHA FRANCISCHINI (PL);Ver. FERNANDO HOLIDAY (Constituinte Exclusivo);10/04/2026 00:00:00;FIN;Recebido de SGP50;16/01/2026 00:00;Secretaria (SGP82);Estudo para manifestação do relator;97;9
PDL 0134/2026;PDL;0134;2026;Projeto de PDL nº 0134/2026 - Descrição do projeto número 134;Ver. CRIS MONTERO (Novo);Ver. SONINHA FRANCISCHINI (PL);06/05/2026 00:00:00;FIN;Recebido de SGP81;07/01/2026 00:00;Secretaria (SGP68);Recebido;67;28
PDL 0135/2026;PDL;0135;2026;Projeto de PDL nº 0135/2026 - Descrição do projeto número 135;Ver. LUNA ZARATTINI (PT);Ver. LUNA ZARATTINI (PT);07/03/2026 00:00:00;FIN;Recebido de SGP98;12/02/2026 00:00;Secretaria (SGP55);Aguardando Notas Taquigráficas;38;4
PR 0136/2026;PR;0136;2026;Projeto de PR nº 0136/2026 - Descrição do projeto número 136;Ver. JOSÉ POLICE NETO (PSDB);Ver. TONINHO PAIVA (REPUBLICANOS);12/03/2026 00:00:00;FIN;Recebido de SGP55;16/05/2026 00:00;Secretaria (SGP89);Aguardando Notas Taquigráficas;83;16
PDL 0137/2026;PDL;0137;2026;Projeto de PDL nº 0137/2026 - Descrição do projeto número 137;Ver. SONINHA FRANCISCHINI (PL);Ver. JOSÉ POLICE NETO (PSDB);01/03/2026 00:00:00;FIN;Recebido de SGP70;27/05/2026 00:00;Secretaria (SGP78);Aprovado;107;7
PDL 0138/2026;PDL;0138;2026;Projeto de PDL nº 0138/2026 - Descrição do projeto número 138;Ver. EDISON SANTOS (PDT);Ver. FERNANDO HOLIDAY (Constituinte Exclusivo);23/04/2026 00:00:00;FIN;Recebido de SGP61;08/03/2026 00:00;Secretaria (SGP58);Estudo para manifestação do relator;78;17
PLO 0139/2026;PLO;0139;2026;Projeto de PLO nº 0139/2026 - Descrição do projeto número 139;Ver. SONINHA FRANCISCHINI (PL);Sem Relator Designado;30/03/2026 00:00:00;FIN;Recebido de SGP89;25/03/2026 00:00;Secretaria (SGP63);Recebido;52;3
PDL 0140/2026;PDL;0140;2026;Projeto de PDL nº 0140/2026 - Descrição do projeto número 140;Ver. EDISON SANTOS (PDT);Ver. FERNANDO HOLIDAY (Constituinte Exclusivo);11/05/2026 00:00:00;FIN;Recebido de SGP55;31/05/2026 00:00;Secretaria (SGP54);Aprovado;101;3
PLO 0141/2026;PLO;0141;2026;Projeto de PLO nº 0141/2026 - Descrição do projeto número 141;Ver. EDISON SANTOS (PDT);Ver. FERNANDO HOLIDAY (Constituinte Exclusivo);01/03/2026 00:00:00;FIN;Recebido de SGP80;12/03/2026 00:00;Secretaria (SGP12);Rejeitado;107;1
PDL 0142/2026;PDL;0142;2026;Projeto de PDL nº 0142/2026 - Descrição do projeto número 142;Ver. TONINHO PAIVA (REPUBLICANOS);Ver. KEIT LIMA (PSOL);11/04/2026 00:00:00;FIN;Recebido de SGP62;27/03/2026 00:00;Secretaria (SGP46);Aprovado;29;17
PLO 0143/2026;PLO;0143;2026;Projeto de PLO nº 0143/2026 - Descrição do projeto número 143;Ver. EDISON SANTOS (PDT);Ver. TONINHO PAIVA (REPUBLICANOS);15/05/2026 00:00:00;FIN;Recebido de SGP12;18/04/2026 00:00;Secretaria (SGP68);Aprovado;15;3
PDL 0144/2026;PDL;0144;2026;Projeto de PDL nº 0144/2026 - Descrição do projeto número 144;Ver. DELEGADO JOÃO PAULO (PSD);Ver. EDISON SANTOS (PDT);20/01/2026 00:00:00;FIN;Recebido de SGP29;02/02/2026 00:00;Secretaria (SGP74);Em votação;105;5
PL 0145/2026;PL;0145;2026;Projeto de PL nº 0145/2026 - Descrição do projeto número 145;Ver. JOSÉ POLICE NETO (PSDB);Ver. JOSÉ POLICE NETO (PSDB);16/02/2026 00:00:00;FIN;Recebido de SGP13;04/01/2026 00:00;Secretaria (SGP64);Aguardando Notas Taquigráficas;41;13
PR 0146/2026;PR;0146;2026;Projeto de PR nº 0146/2026 - Descrição do projeto número 146;Ver. SONINHA FRANCISCHINI (PL);Ver. TONINHO PAIVA (REPUBLICANOS);12/01/2026 00:00:00;FIN;Recebido de SGP88;18/04/2026 00:00;Secretaria (SGP62);Aguardando Pareceres;102;3
PR 0147/2026;PR;0147;2026;Projeto de PR nº 0147/2026 - Descrição do projeto número 147;Ver. SONINHA FRANCISCHINI (PL);Ver. EDISON SANTOS (PDT);12/02/2026 00:00:00;FIN;Recebido de SGP88;14/01/2026 00:00;Secretaria (SGP61);Aprovado;32;22
PR 0148/2026;PR;0148;2026;Projeto de PR nº 0148/2026 - Descrição do projeto número 148;Ver. JOSÉ POLICE NETO (PSDB);Ver. KEIT LIMA (PSOL);12/04/2026 00:00:00;FIN;Recebido de SGP92;28/03/2026 00:00;Secretaria (SGP21);Rejeitado;23;1
PL 0149/2026;PL;0149;2026;Projeto de PL nº 0149/2026 - Descrição do projeto número 149;Ver. FERNANDO HOLIDAY (Constituinte Exclusivo);Ver. FERNANDO HOLIDAY (Constituinte Exclusivo);15/03/2026 00:00:00;FIN;Recebido de SGP91;13/04/2026 00:00;Secretaria (SGP73);Aguardando Notas Taquigráficas;87;0
PR 0150/2026;PR;0150;2026;Projeto de PR nº 0150/2026 - Descrição do projeto número 150;Ver. TONINHO PAIVA (REPUBLICANOS);Ver. FERNANDO HOLIDAY (Constituinte Exclusivo);30/04/2026 00:00:00;FIN;Recebido de SGP76;22/04/2026 00:00;Secretaria (SGP57);Aprovado;15;0
PR 0151/2026;PR;0151;2026;Projeto de PR nº 0151/2026 - Descrição do projeto número 151;Ver. CRIS MONTERO (Novo);Ver. EDISON SANTOS (PDT);31/03/2026 00:00:00;FIN;Recebido de SGP24;16/03/2026 00:00;Secretaria (SGP44);Aprovado;16;9
PR 0152/2026;PR;0152;2026;Projeto de PR nº 0152/2026 - Descrição do projeto número 152;Ver. EDISON SANTOS (PDT);Ver. LUNA ZARATTINI (PT);25/03/2026 00:00:00;FIN;Recebido de SGP62;25/02/2026 00:00;Secretaria (SGP59);Aguardando Pareceres;106;7
PDL 0153/2026;PDL;0153;2026;Projeto de PDL nº 0153/2026 - Descrição do projeto número 153;Ver. CRIS MONTERO (Novo);Ver. JOSÉ POLICE NETO (PSDB);22/03/2026 00:00:00;FIN;Recebido de SGP24;10/01/2026 00:00;Secretaria (SGP42);Rejeitado;26;0
PDL 0154/2026;PDL;0154;2026;Projeto de PDL nº 0154/2026 - Descrição do projeto número 154;Ver. SONINHA FRANCISCHINI (PL);Ver. MILTON COELHO (PP);21/03/2026 00:00:00;FIN;Recebido de SGP97;18/02/2026 00:00;Secretaria (SGP99);Rejeitado;25;7
PR 0155/2026;PR;0155;2026;Projeto de PR nº 0155/2026 - Descrição do projeto número 155;Ver. SONINHA FRANCISCHINI (PL);Ver. MILTON COELHO (PP);17/01/2026 00:00:00;FIN;Recebido de SGP36;23/05/2026 00:00;Secretaria (SGP22);Aprovado;73;13
PR 0156/2026;PR;0156;2026;Projeto de PR nº 0156/2026 - Descrição do projeto número 156;Ver. JOSÉ POLICE NETO (PSDB);Ver. KEIT LIMA (PSOL);02/05/2026 00:00:00;FIN;Recebido de SGP86;01/01/2026 00:00;Secretaria (SGP39);Rejeitado;81;20
PLO 0157/2026;PLO;0157;2026;Projeto de PLO nº 0157/2026 - Descrição do projeto número 157;Ver. CRIS MONTERO (Novo);Ver. EDISON SANTOS (PDT);03/05/2026 00:00:00;FIN;Recebido de SGP77;20/02/2026 00:00;Secretaria (SGP25);Aprovado;20;20
PL 0158/2026;PL;0158;2026;Projeto de PL nº 0158/2026 - Descrição do projeto número 158;Ver. JOSÉ POLICE NETO (PSDB);Ver. JOSÉ POLICE NETO (PSDB);06/02/2026 00:00:00;FIN;Recebido de SGP26;31/03/2026 00:00;Secretaria (SGP51);Recebido;38;23
PLO 0159/2026;PLO;0159;2026;Projeto de PLO nº 0159/2026 - Descrição do projeto número 159;Ver. LUNA ZARATTINI (PT);Ver. SONINHA FRANCISCHINI (PL);06/03/2026 00:00:00;FIN;Recebido de SGP79;25/04/2026 00:00;Secretaria (SGP97);Recebido;64;26
PDL 0160/2026;PDL;0160;2026;Projeto de PDL nº 0160/2026 - Descrição do projeto número 160;Ver. EDISON SANTOS (PDT);Ver. MILTON COELHO (PP);12/05/2026 00:00:00;FIN;Recebido de SGP33;11/01/2026 00:00;Secretaria (SGP31);Encaminhado para Análise;72;23
PL 0161/2026;PL;0161;2026;Projeto de PL nº 0161/2026 - Descrição do projeto número 161;Ver. TONINHO PAIVA (REPUBLICANOS);Ver. MILTON COELHO (PP);05/05/2026 00:00:00;FIN;Recebido de SGP66;20/05/2026 00:00;Secretaria (SGP96);Aprovado;6;22
PDL 0162/2026;PDL;0162;2026;Projeto de PDL nº 0162/2026 - Descrição do projeto número 162;Ver. SONINHA FRANCISCHINI (PL);Sem Relator Designado;28/01/2026 00:00:00;FIN;Recebido de SGP63;29/05/2026 00:00;Secretaria (SGP79);Recebido;77;20
PLO 0163/2026;PLO;0163;2026;Projeto de PLO nº 0163/2026 - Descrição do projeto número 163;Ver. LUNA ZARATTINI (PT);Ver. FERNANDO HOLIDAY (Constituinte Exclusivo);24/05/2026 00:00:00;FIN;Recebido de SGP94;08/03/2026 00:00;Secretaria (SGP88);Aguardando Pareceres;26;29
PLO 0164/2026;PLO;0164;2026;Projeto de PLO nº 0164/2026 - Descrição do projeto número 164;Ver. SONINHA FRANCISCHINI (PL);Ver. FERNANDO HOLIDAY (Constituinte Exclusivo);03/02/2026 00:00:00;FIN;Recebido de SGP47;20/02/2026 00:00;Secretaria (SGP95);Estudo para manifestação do relator;4;26
PR 0165/2026;PR;0165;2026;Projeto de PR nº 0165/2026 - Descrição do projeto número 165;Ver. TONINHO PAIVA (REPUBLICANOS);Ver. MILTON COELHO (PP);28/04/2026 00:00:00;FIN;Recebido de SGP36;08/04/2026 00:00;Secretaria (SGP36);Em votação;15;6
PDL 0166/2026;PDL;0166;2026;Projeto de PDL nº 0166/2026 - Descrição do projeto número 166;Ver. FERNANDO HOLIDAY (Constituinte Exclusivo);Ver. MILTON COELHO (PP);13/03/2026 00:00:00;FIN;Recebido de SGP70;18/02/2026 00:00;Secretaria (SGP43);Aguardando Notas Taquigráficas;53;5
PL 0167/2026;PL;0167;2026;Projeto de PL nº 0167/2026 - Descrição do projeto número 167;Ver. LUNA ZARATTINI (PT);Ver. MILTON COELHO (PP);10/01/2026 00:00:00;FIN;Recebido de SGP88;10/04/2026 00:00;Secretaria (SGP61);Recebido;71;26
PL 0168/2026;PL;0168;2026;Projeto de PL nº 0168/2026 - Descrição do projeto número 168;Ver. TONINHO PAIVA (REPUBLICANOS);Ver. SONINHA FRANCISCHINI (PL);16/05/2026 00:00:00;FIN;Recebido de SGP62;05/03/2026 00:00;Secretaria (SGP36);Encaminhado para Análise;4;30
PDL 0169/2026;PDL;0169;2026;Projeto de PDL nº 0169/2026 - Descrição do projeto número 169;Ver. EDISON SANTOS (PDT);Ver. LUNA ZARATTINI (PT);05/02/2026 00:00:00;FIN;Recebido de SGP63;18/05/2026 00:00;Secretaria (SGP62);Aguardando Pareceres;71;4
PL 0170/2026;PL;0170;2026;Projeto de PL nº 0170/2026 - Descrição do projeto número 170;Ver. DELEGADO JOÃO PAULO (PSD);Ver. SONINHA FRANCISCHINI (PL);20/05/2026 00:00:00;FIN;Recebido de SGP13;13/03/2026 00:00;Secretaria (SGP26);Rejeitado;62;10
PL 0171/2026;PL;0171;2026;Projeto de PL nº 0171/2026 - Descrição do projeto número 171;Ver. CRIS MONTERO (Novo);Sem Relator Designado;04/04/2026 00:00:00;FIN;Recebido de SGP45;27/01/2026 00:00;Secretaria (SGP81);Encaminhado para Análise;27;15
PL 0172/2026;PL;0172;2026;Projeto de PL nº 0172/2026 - Descrição do projeto número 172;Ver. EDISON SANTOS (PDT);Ver. TONINHO PAIVA (REPUBLICANOS);17/05/2026 00:00:00;FIN;Recebido de SGP52;06/01/2026 00:00;Secretaria (SGP46);Estudo para manifestação do relator;14;5
PL 0173/2026;PL;0173;2026;Projeto de PL nº 0173/2026 - Descrição do projeto número 173;Ver. LUNA ZARATTINI (PT);Ver. EDISON SANTOS (PDT);18/05/2026 00:00:00;FIN;Recebido de SGP96;25/03/2026 00:00;Secretaria (SGP87);Aguardando Notas Taquigráficas;45;24
PL 0174/2026;PL;0174;2026;Projeto de PL nº 0174/2026 - Descrição do projeto número 174;Ver. DELEGADO JOÃO PAULO (PSD);Ver. MILTON COELHO (PP);18/04/2026 00:00:00;FIN;Recebido de SGP43;08/02/2026 00:00;Secretaria (SGP83);Aprovado;119;30
PDL 0175/2026;PDL;0175;2026;Projeto de PDL nº 0175/2026 - Descrição do projeto número 175;Ver. SONINHA FRANCISCHINI (PL);Ver. TONINHO PAIVA (REPUBLICANOS);18/04/2026 00:00:00;FIN;Recebido de SGP67;24/01/2026 00:00;Secretaria (SGP57);Encaminhado para Análise;14;27
PR 0176/2026;PR;0176;2026;Projeto de PR nº 0176/2026 - Descrição do projeto número 176;Ver. LUNA ZARATTINI (PT);Ver. TONINHO PAIVA (REPUBLICANOS);20/04/2026 00:00:00;FIN;Recebido de SGP48;12/05/2026 00:00;Secretaria (SGP24);Estudo para manifestação do relator;39;4
PL 0177/2026;PL;0177;2026;Projeto de PL nº 0177/2026 - Descrição do projeto número 177;Ver. FERNANDO HOLIDAY (Constituinte Exclusivo);Sem Relator Designado;27/03/2026 00:00:00;FIN;Recebido de SGP34;23/03/2026 00:00;Secretaria (SGP71);Estudo para manifestação do relator;35;17
PLO 0178/2026;PLO;0178;2026;Projeto de PLO nº 0178/2026 - Descrição do projeto número 178;Ver. JOSÉ POLICE NETO (PSDB);Ver. LUNA ZARATTINI (PT);26/02/2026 00:00:00;FIN;Recebido de SGP24;06/05/2026 00:00;Secretaria (SGP47);Em votação;57;10
PLO 0179/2026;PLO;0179;2026;Projeto de PLO nº 0179/2026 - Descrição do projeto número 179;Ver. CRIS MONTERO (Novo);Sem Relator Designado;17/05/2026 00:00:00;FIN;Recebido de SGP31;05/03/2026 00:00;Secretaria (SGP37);Aguardando Notas Taquigráficas;98;3
PL 0180/2026;PL;0180;2026;Projeto de PL nº 0180/2026 - Descrição do projeto número 180;Ver. TONINHO PAIVA (REPUBLICANOS);Ver. MILTON COELHO (PP);12/03/2026 00:00:00;FIN;Recebido de SGP34;09/03/2026 00:00;Secretaria (SGP51);Recebido;117;26
PL 0181/2026;PL;0181;2026;Projeto de PL nº 0181/2026 - Descrição do projeto número 181;Ver. CRIS MONTERO (Novo);Ver. FERNANDO HOLIDAY (Constituinte Exclusivo);16/05/2026 00:00:00;FIN;Recebido de SGP15;22/01/2026 00:00;Secretaria (SGP92);Recebido;60;29
PLO 0182/2026;PLO;0182;2026;Projeto de PLO nº 0182/2026 - Descrição do projeto número 182;Ver. DELEGADO JOÃO PAULO (PSD);Sem Relator Designado;22/04/2026 00:00:00;FIN;Recebido de SGP80;22/05/2026 00:00;Secretaria (SGP57);Recebido;89;14
PL 0183/2026;PL;0183;2026;Projeto de PL nº 0183/2026 - Descrição do projeto número 183;Ver. FERNANDO HOLIDAY (Constituinte Exclusivo);Ver. EDISON SANTOS (PDT);24/01/2026 00:00:00;FIN;Recebido de SGP22;23/03/2026 00:00;Secretaria (SGP13);Aprovado;81;8
PLO 0184/2026;PLO;0184;2026;Projeto de PLO nº 0184/2026 - Descrição do projeto número 184;Ver. SONINHA FRANCISCHINI (PL);Ver. EDISON SANTOS (PDT);30/03/2026 00:00:00;FIN;Recebido de SGP20;23/03/2026 00:00;Secretaria (SGP57);Encaminhado para Análise;110;28
PL 0185/2026;PL;0185;2026;Projeto de PL nº 0185/2026 - Descrição do projeto número 185;Ver. CRIS MONTERO (Novo);Sem Relator Designado;16/05/2026 00:00:00;FIN;Recebido de SGP21;12/05/2026 00:00;Secretaria (SGP39);Rejeitado;77;5
PL 0186/2026;PL;0186;2026;Projeto de PL nº 0186/2026 - Descrição do projeto número 186;Ver. FERNANDO HOLIDAY (Constituinte Exclusivo);Ver. TONINHO PAIVA (REPUBLICANOS);15/05/2026 00:00:00;FIN;Recebido de SGP69;21/03/2026 00:00;Secretaria (SGP94);Estudo para manifestação do relator;7;13
PL 0187/2026;PL;0187;2026;Projeto de PL nº 0187/2026 - Descrição do projeto número 187;Ver. FERNANDO HOLIDAY (Constituinte Exclusivo);Ver. JOSÉ POLICE NETO (PSDB);14/05/2026 00:00:00;FIN;Recebido de SGP64;12/01/2026 00:00;Secretaria (SGP71);Estudo para manifestação do relator;110;12
PR 0188/2026;PR;0188;2026;Projeto de PR nº 0188/2026 - Descrição do projeto número 188;Ver. TONINHO PAIVA (REPUBLICANOS);Ver. LUNA ZARATTINI (PT);09/05/2026 00:00:00;FIN;Recebido de SGP61;07/05/2026 00:00;Secretaria (SGP46);Rejeitado;81;19
PDL 0189/2026;PDL;0189;2026;Projeto de PDL nº 0189/2026 - Descrição do projeto número 189;Ver. DELEGADO JOÃO PAULO (PSD);Ver. EDISON SANTOS (PDT);12/05/2026 00:00:00;FIN;Recebido de SGP32;28/01/2026 00:00;Secretaria (SGP62);Aguardando Notas Taquigráficas;97;7
PLO 0190/2026;PLO;0190;2026;Projeto de PLO nº 0190/2026 - Descrição do projeto número 190;Ver. DELEGADO JOÃO PAULO (PSD);Sem Relator Designado;23/03/2026 00:00:00;FIN;Recebido de SGP53;21/01/2026 00:00;Secretaria (SGP97);Rejeitado;33;17
PLO 0191/2026;PLO;0191;2026;Projeto de PLO nº 0191/2026 - Descrição do projeto número 191;Ver. DELEGADO JOÃO PAULO (PSD);Ver. EDISON SANTOS (PDT);06/01/2026 00:00:00;FIN;Recebido de SGP59;03/05/2026 00:00;Secretaria (SGP32);Em votação;69;6
PLO 0192/2026;PLO;0192;2026;Projeto de PLO nº 0192/2026 - Descrição do projeto número 192;Ver. FERNANDO HOLIDAY (Constituinte Exclusivo);Ver. SONINHA FRANCISCHINI (PL);19/05/2026 00:00:00;FIN;Recebido de SGP52;08/05/2026 00:00;Secretaria (SGP35);Recebido;28;6
PLO 0193/2026;PLO;0193;2026;Projeto de PLO nº 0193/2026 - Descrição do projeto número 193;Ver. JOSÉ POLICE NETO (PSDB);Ver. EDISON SANTOS (PDT);26/01/2026 00:00:00;FIN;Recebido de SGP40;22/05/2026 00:00;Secretaria (SGP88);Estudo para manifestação do relator;82;5
PDL 0194/2026;PDL;0194;2026;Projeto de PDL nº 0194/2026 - Descrição do projeto número 194;Ver. CRIS MONTERO (Novo);Ver. KEIT LIMA (PSOL);08/02/2026 00:00:00;FIN;Recebido de SGP95;23/04/2026 00:00;Secretaria (SGP21);Rejeitado;70;16
PDL 0195/2026;PDL;0195;2026;Projeto de PDL nº 0195/2026 - Descrição do projeto número 195;Ver. JOSÉ POLICE NETO (PSDB);Ver. TONINHO PAIVA (REPUBLICANOS);10/04/2026 00:00:00;FIN;Recebido de SGP84;10/03/2026 00:00;Secretaria (SGP61);Encaminhado para Análise;63;26
PDL 0196/2026;PDL;0196;2026;Projeto de PDL nº 0196/2026 - Descrição do projeto número 196;Ver. TONINHO PAIVA (REPUBLICANOS);Ver. SONINHA FRANCISCHINI (PL);10/03/2026 00:00:00;FIN;Recebido de SGP92;23/01/2026 00:00;Secretaria (SGP64);Rejeitado;105;5
PR 0197/2026;PR;0197;2026;Projeto de PR nº 0197/2026 - Descrição do projeto número 197;Ver. LUNA ZARATTINI (PT);Ver. KEIT LIMA (PSOL);12/04/2026 00:00:00;FIN;Recebido de SGP36;22/02/2026 00:00;Secretaria (SGP46);Recebido;74;20
PLO 0198/2026;PLO;0198;2026;Projeto de PLO nº 0198/2026 - Descrição do projeto número 198;Ver. LUNA ZARATTINI (PT);Ver. LUNA ZARATTINI (PT);16/02/2026 00:00:00;FIN;Recebido de SGP47;30/01/2026 00:00;Secretaria (SGP42);Aguardando Notas Taquigráficas;99;0
PR 0199/2026;PR;0199;2026;Projeto de PR nº 0199/2026 - Descrição do projeto número 199;Ver. DELEGADO JOÃO PAULO (PSD);Ver. SONINHA FRANCISCHINI (PL);06/02/2026 00:00:00;FIN;Recebido de SGP77;04/03/2026 00:00;Secretaria (SGP33);Aguardando Notas Taquigráficas;43;1
PR 0200/2026;PR;0200;2026;Projeto de PR nº 0200/2026 - Descrição do projeto número 200;Ver. CRIS MONTERO (Novo);Sem Relator Designado;28/01/2026 00:00:00;FIN;Recebido de SGP57;03/04/2026 00:00;Secretaria (SGP11);Rejeitado;52;5
PL 0201/2026;PL;0201;2026;Projeto de PL nº 0201/2026 - Descrição do projeto número 201;Ver. FERNANDO HOLIDAY (Constituinte Exclusivo);Ver. KEIT LIMA (PSOL);23/02/2026 00:00:00;FIN;Recebido de SGP88;16/04/2026 00:00;Secretaria (SGP20);Encaminhado para Análise;81;12
PR 0202/2026;PR;0202;2026;Projeto de PR nº 0202/2026 - Descrição do projeto número 202;Ver. FERNANDO HOLIDAY (Constituinte Exclusivo);Ver. JOSÉ POLICE NETO (PSDB);24/05/2026 00:00:00;FIN;Recebido de SGP78;27/01/2026 00:00;Secretaria (SGP55);Aprovado;51;25
PDL 0203/2026;PDL;0203;2026;Projeto de PDL nº 0203/2026 - Descrição do projeto número 203;Ver. EDISON SANTOS (PDT);Ver. TONINHO PAIVA (REPUBLICANOS);16/05/2026 00:00:00;FIN;Recebido de SGP72;16/04/2026 00:00;Secretaria (SGP63);Aprovado;100;16
PDL 0204/2026;PDL;0204;2026;Projeto de PDL nº 0204/2026 - Descrição do projeto número 204;Ver. EDISON SANTOS (PDT);Ver. FERNANDO HOLIDAY (Constituinte Exclusivo);21/02/2026 00:00:00;FIN;Recebido de SGP24;28/01/2026 00:00;Secretaria (SGP59);Aguardando Notas Taquigráficas;53;0
PDL 0205/2026;PDL;0205;2026;Projeto de PDL nº 0205/2026 - Descrição do projeto número 205;Ver. JOSÉ POLICE NETO (PSDB);Ver. SONINHA FRANCISCHINI (PL);22/02/2026 00:00:00;FIN;Recebido de SGP16;19/03/2026 00:00;Secretaria (SGP25);Em votação;115;19
PDL 0206/2026;PDL;0206;2026;Projeto de PDL nº 0206/2026 - Descrição do projeto número 206;Ver. TONINHO PAIVA (REPUBLICANOS);Sem Relator Designado;16/05/2026 00:00:00;FIN;Recebido de SGP31;23/02/2026 00:00;Secretaria (SGP40);Recebido;7;8
PL 0207/2026;PL;0207;2026;Projeto de PL nº 0207/2026 - Descrição do projeto número 207;Ver. FERNANDO HOLIDAY (Constituinte Exclusivo);Ver. TONINHO PAIVA (REPUBLICANOS);23/04/2026 00:00:00;FIN;Recebido de SGP92;06/03/2026 00:00;Secretaria (SGP87);Encaminhado para Análise;34;20
PDL 0208/2026;PDL;0208;2026;Projeto de PDL nº 0208/2026 - Descrição do projeto número 208;Ver. FERNANDO HOLIDAY (Constituinte Exclusivo);Ver. FERNANDO HOLIDAY (Constituinte Exclusivo);04/03/2026 00:00:00;FIN;Recebido de SGP73;24/02/2026 00:00;Secretaria (SGP88);Encaminhado para Análise;76;16
PDL 0209/2026;PDL;0209;2026;Projeto de PDL nº 0209/2026 - Descrição do projeto número 209;Ver. EDISON SANTOS (PDT);Ver. MILTON COELHO (PP);22/02/2026 00:00:00;FIN;Recebido de SGP99;06/03/2026 00:00;Secretaria (SGP16);Estudo para manifestação do relator;70;13
PLO 0210/2026;PLO;0210;2026;Projeto de PLO nº 0210/2026 - Descrição do projeto número 210;Ver. TONINHO PAIVA (REPUBLICANOS);Ver. TONINHO PAIVA (REPUBLICANOS);08/04/2026 00:00:00;FIN;Recebido de SGP86;08/01/2026 00:00;Secretaria (SGP24);Rejeitado;77;19
PLO 0211/2026;PLO;0211;2026;Projeto de PLO nº 0211/2026 - Descrição do projeto número 211;Ver. TONINHO PAIVA (REPUBLICANOS);Ver. MILTON COELHO (PP);11/04/2026 00:00:00;FIN;Recebido de SGP52;29/03/2026 00:00;Secretaria (SGP18);Estudo para manifestação do relator;38;8
PLO 0212/2026;PLO;0212;2026;Projeto de PLO nº 0212/2026 - Descrição do projeto número 212;Ver. FERNANDO HOLIDAY (Constituinte Exclusivo);Ver. FERNANDO HOLIDAY (Constituinte Exclusivo);13/01/2026 00:00:00;FIN;Recebido de SGP75;13/05/2026 00:00;Secretaria (SGP37);Estudo para manifestação do relator;95;18
PDL 0213/2026;PDL;0213;2026;Projeto de PDL nº 0213/2026 - Descrição do projeto número 213;Ver. CRIS MONTERO (Novo);Ver. FERNANDO HOLIDAY (Constituinte Exclusivo);04/05/2026 00:00:00;FIN;Recebido de SGP42;29/03/2026 00:00;Secretaria (SGP49);Em votação;106;10
PL 0214/2026;PL;0214;2026;Projeto de PL nº 0214/2026 - Descrição do projeto número 214;Ver. TONINHO PAIVA (REPUBLICANOS);Ver. KEIT LIMA (PSOL);20/04/2026 00:00:00;FIN;Recebido de SGP62;04/03/2026 00:00;Secretaria (SGP81);Rejeitado;52;19
PDL 0215/2026;PDL;0215;2026;Projeto de PDL nº 0215/2026 - Descrição do projeto número 215;Ver. FERNANDO HOLIDAY (Constituinte Exclusivo);Ver. TONINHO PAIVA (REPUBLICANOS);17/02/2026 00:00:00;FIN;Recebido de SGP21;25/03/2026 00:00;Secretaria (SGP19);Aguardando Pareceres;13;21
PDL 0216/2026;PDL;0216;2026;Projeto de PDL nº 0216/2026 - Descrição do projeto número 216;Ver. EDISON SANTOS (PDT);Ver. LUNA ZARATTINI (PT);03/03/2026 00:00:00;FIN;Recebido de SGP84;17/04/2026 00:00;Secretaria (SGP48);Encaminhado para Análise;56;7
PR 0217/2026;PR;0217;2026;Projeto de PR nº 0217/2026 - Descrição do projeto número 217;Ver. LUNA ZARATTINI (PT);Ver. SONINHA FRANCISCHINI (PL);01/01/2026 00:00:00;FIN;Recebido de SGP80;03/05/2026 00:00;Secretaria (SGP43);Encaminhado para Análise;74;3
PLO 0218/2026;PLO;0218;2026;Projeto de PLO nº 0218/2026 - Descrição do projeto número 218;Ver. JOSÉ POLICE NETO (PSDB);Ver. EDISON SANTOS (PDT);16/03/2026 00:00:00;FIN;Recebido de SGP60;21/04/2026 00:00;Secretaria (SGP38);Aguardando Pareceres;55;18
PDL 0219/2026;PDL;0219;2026;Projeto de PDL nº 0219/2026 - Descrição do projeto número 219;Ver. FERNANDO HOLIDAY (Constituinte Exclusivo);Ver. LUNA ZARATTINI (PT);25/05/2026 00:00:00;FIN;Recebido de SGP12;31/03/2026 00:00;Secretaria (SGP79);Aguardando Notas Taquigráficas;11;8
PR 0220/2026;PR;0220;2026;Projeto de PR nº 0220/2026 - Descrição do projeto número 220;Ver. TONINHO PAIVA (REPUBLICANOS);Ver. JOSÉ POLICE NETO (PSDB);06/05/2026 00:00:00;FIN;Recebido de SGP58;26/01/2026 00:00;Secretaria (SGP82);Encaminhado para Análise;22;23
PL 0221/2026;PL;0221;2026;Projeto de PL nº 0221/2026 - Descrição do projeto número 221;Ver. TONINHO PAIVA (REPUBLICANOS);Ver. SONINHA FRANCISCHINI (PL);27/05/2026 00:00:00;FIN;Recebido de SGP20;14/02/2026 00:00;Secretaria (SGP95);Estudo para manifestação do relator;33;30
PDL 0222/2026;PDL;0222;2026;Projeto de PDL nº 0222/2026 - Descrição do projeto número 222;Ver. DELEGADO JOÃO PAULO (PSD);Sem Relator Designado;29/04/2026 00:00:00;FIN;Recebido de SGP50;30/04/2026 00:00;Secretaria (SGP61);Estudo para manifestação do relator;7;22
PR 0223/2026;PR;0223;2026;Projeto de PR nº 0223/2026 - Descrição do projeto número 223;Ver. TONINHO PAIVA (REPUBLICANOS);Ver. SONINHA FRANCISCHINI (PL);09/05/2026 00:00:00;FIN;Recebido de SGP45;05/01/2026 00:00;Secretaria (SGP32);Aprovado;98;26
PL 0224/2026;PL;0224;2026;Projeto de PL nº 0224/2026 - Descrição do projeto número 224;Ver. FERNANDO HOLIDAY (Constituinte Exclusivo);Ver. SONINHA FRANCISCHINI (PL);04/04/2026 00:00:00;FIN;Recebido de SGP93;18/04/2026 00:00;Secretaria (SGP97);Aguardando Notas Taquigráficas;2;30
PR 0225/2026;PR;0225;2026;Projeto de PR nº 0225/2026 - Descrição do projeto número 225;Ver. TONINHO PAIVA (REPUBLICANOS);Ver. LUNA ZARATTINI (PT);27/03/2026 00:00:00;FIN;Recebido de SGP69;18/03/2026 00:00;Secretaria (SGP92);Rejeitado;112;11
PL 0226/2026;PL;0226;2026;Projeto de PL nº 0226/2026 - Descrição do projeto número 226;Ver. LUNA ZARATTINI (PT);Ver. FERNANDO HOLIDAY (Constituinte Exclusivo);14/01/2026 00:00:00;FIN;Recebido de SGP24;04/02/2026 00:00;Secretaria (SGP92);Aguardando Pareceres;63;26
PR 0227/2026;PR;0227;2026;Projeto de PR nº 0227/2026 - Descrição do projeto número 227;Ver. JOSÉ POLICE NETO (PSDB);Ver. LUNA ZARATTINI (PT);05/02/2026 00:00:00;FIN;Recebido de SGP76;12/02/2026 00:00;Secretaria (SGP77);Rejeitado;61;22
PDL 0228/2026;PDL;0228;2026;Projeto de PDL nº 0228/2026 - Descrição do projeto número 228;Ver. JOSÉ POLICE NETO (PSDB);Ver. MILTON COELHO (PP);22/01/2026 00:00:00;FIN;Recebido de SGP33;07/03/2026 00:00;Secretaria (SGP35);Rejeitado;16;10
PR 0229/2026;PR;0229;2026;Projeto de PR nº 0229/2026 - Descrição do projeto número 229;Ver. LUNA ZARATTINI (PT);Ver. FERNANDO HOLIDAY (Constituinte Exclusivo);31/03/2026 00:00:00;FIN;Recebido de SGP34;14/03/2026 00:00;Secretaria (SGP51);Aprovado;27;5
PDL 0230/2026;PDL;0230;2026;Projeto de PDL nº 0230/2026 - Descrição do projeto número 230;Ver. EDISON SANTOS (PDT);Ver. LUNA ZARATTINI (PT);07/01/2026 00:00:00;FIN;Recebido de SGP16;18/04/2026 00:00;Secretaria (SGP27);Encaminhado para Análise;37;28
PL 0231/2026;PL;0231;2026;Projeto de PL nº 0231/2026 - Descrição do projeto número 231;Ver. FERNANDO HOLIDAY (Constituinte Exclusivo);Ver. FERNANDO HOLIDAY (Constituinte Exclusivo);05/02/2026 00:00:00;FIN;Recebido de SGP96;27/05/2026 00:00;Secretaria (SGP23);Rejeitado;22;9
PLO 0232/2026;PLO;0232;2026;Projeto de PLO nº 0232/2026 - Descrição do projeto número 232;Ver. EDISON SANTOS (PDT);Ver. EDISON SANTOS (PDT);30/05/2026 00:00:00;FIN;Recebido de SGP73;26/03/2026 00:00;Secretaria (SGP12);Em votação;81;16
PR 0233/2026;PR;0233;2026;Projeto de PR nº 0233/2026 - Descrição do projeto número 233;Ver. DELEGADO JOÃO PAULO (PSD);Ver. FERNANDO HOLIDAY (Constituinte Exclusivo);07/04/2026 00:00:00;FIN;Recebido de SGP13;05/02/2026 00:00;Secretaria (SGP94);Recebido;65;15
PL 0234/2026;PL;0234;2026;Projeto de PL nº 0234/2026 - Descrição do projeto número 234;Ver. TONINHO PAIVA (REPUBLICANOS);Sem Relator Designado;09/01/2026 00:00:00;FIN;Recebido de SGP82;11/04/2026 00:00;Secretaria (SGP43);Aprovado;1;7
PR 0235/2026;PR;0235;2026;Projeto de PR nº 0235/2026 - Descrição do projeto número 235;Ver. EDISON SANTOS (PDT);Ver. KEIT LIMA (PSOL);20/04/2026 00:00:00;FIN;Recebido de SGP11;06/04/2026 00:00;Secretaria (SGP52);Recebido;12;26
PL 0236/2026;PL;0236;2026;Projeto de PL nº 0236/2026 - Descrição do projeto número 236;Ver. TONINHO PAIVA (REPUBLICANOS);Ver. SONINHA FRANCISCHINI (PL);09/03/2026 00:00:00;FIN;Recebido de SGP93;25/01/2026 00:00;Secretaria (SGP49);Estudo para manifestação do relator;47;0
PDL 0237/2026;PDL;0237;2026;Projeto de PDL nº 0237/2026 - Descrição do projeto número 237;Ver. EDISON SANTOS (PDT);Ver. FERNANDO HOLIDAY (Constituinte Exclusivo);08/04/2026 00:00:00;FIN;Recebido de SGP29;06/01/2026 00:00;Secretaria (SGP84);Recebido;57;17
PDL 0238/2026;PDL;0238;2026;Projeto de PDL nº 0238/2026 - Descrição do projeto número 238;Ver. DELEGADO JOÃO PAULO (PSD);Ver. SONINHA FRANCISCHINI (PL);19/05/2026 00:00:00;FIN;Recebido de SGP89;15/01/2026 00:00;Secretaria (SGP64);Rejeitado;90;23
PR 0239/2026;PR;0239;2026;Projeto de PR nº 0239/2026 - Descrição do projeto número 239;Ver. FERNANDO HOLIDAY (Constituinte Exclusivo);Ver. TONINHO PAIVA (REPUBLICANOS);16/02/2026 00:00:00;FIN;Recebido de SGP71;02/04/2026 00:00;Secretaria (SGP76);Rejeitado;61;18
PLO 0240/2026;PLO;0240;2026;Projeto de PLO nº 0240/2026 - Descrição do projeto número 240;Ver. SONINHA FRANCISCHINI (PL);Ver. MILTON COELHO (PP);27/03/2026 00:00:00;FIN;Recebido de SGP66;18/03/2026 00:00;Secretaria (SGP24);Aguardando Pareceres;35;5
PLO 0241/2026;PLO;0241;2026;Projeto de PLO nº 0241/2026 - Descrição do projeto número 241;Ver. TONINHO PAIVA (REPUBLICANOS);Ver. KEIT LIMA (PSOL);25/02/2026 00:00:00;FIN;Recebido de SGP34;09/04/2026 00:00;Secretaria (SGP40);Em votação;101;25
PDL 0242/2026;PDL;0242;2026;Projeto de PDL nº 0242/2026 - Descrição do projeto número 242;Ver. TONINHO PAIVA (REPUBLICANOS);Sem Relator Designado;21/05/2026 00:00:00;FIN;Recebido de SGP46;05/01/2026 00:00;Secretaria (SGP42);Encaminhado para Análise;23;7
PR 0243/2026;PR;0243;2026;Projeto de PR nº 0243/2026 - Descrição do projeto número 243;Ver. DELEGADO JOÃO PAULO (PSD);Ver. KEIT LIMA (PSOL);21/01/2026 00:00:00;FIN;Recebido de SGP93;01/01/2026 00:00;Secretaria (SGP59);Encaminhado para Análise;101;30
PLO 0244/2026;PLO;0244;2026;Projeto de PLO nº 0244/2026 - Descrição do projeto número 244;Ver. SONINHA FRANCISCHINI (PL);Ver. JOSÉ POLICE NETO (PSDB);14/01/2026 00:00:00;FIN;Recebido de SGP38;01/02/2026 00:00;Secretaria (SGP31);Encaminhado para Análise;93;3
PLO 0245/2026;PLO;0245;2026;Projeto de PLO nº 0245/2026 - Descrição do projeto número 245;Ver. TONINHO PAIVA (REPUBLICANOS);Ver. LUNA ZARATTINI (PT);27/03/2026 00:00:00;FIN;Recebido de SGP23;08/04/2026 00:00;Secretaria (SGP45);Aguardando Pareceres;61;8
PL 0246/2026;PL;0246;2026;Projeto de PL nº 0246/2026 - Descrição do projeto número 246;Ver. FERNANDO HOLIDAY (Constituinte Exclusivo);Ver. SONINHA FRANCISCHINI (PL);14/04/2026 00:00:00;FIN;Recebido de SGP15;21/01/2026 00:00;Secretaria (SGP60);Estudo para manifestação do relator;77;13
PR 0247/2026;PR;0247;2026;Projeto de PR nº 0247/2026 - Descrição do projeto número 247;Ver. JOSÉ POLICE NETO (PSDB);Sem Relator Designado;11/03/2026 00:00:00;FIN;Recebido de SGP20;29/01/2026 00:00;Secretaria (SGP35);Aprovado;64;18
PR 0248/2026;PR;0248;2026;Projeto de PR nº 0248/2026 - Descrição do projeto número 248;Ver. JOSÉ POLICE NETO (PSDB);Ver. SONINHA FRANCISCHINI (PL);12/01/2026 00:00:00;FIN;Recebido de SGP77;16/03/2026 00:00;Secretaria (SGP59);Estudo para manifestação do relator;110;0
PLO 0249/2026;PLO;0249;2026;Projeto de PLO nº 0249/2026 - Descrição do projeto número 249;Ver. JOSÉ POLICE NETO (PSDB);Sem Relator Designado;31/03/2026 00:00:00;FIN;Recebido de SGP70;15/05/2026 00:00;Secretaria (SGP73);Encaminhado para Análise;14;4
PL 0250/2026;PL;0250;2026;Projeto de PL nº 0250/2026 - Descrição do projeto número 250;Ver. SONINHA FRANCISCHINI (PL);Ver. LUNA ZARATTINI (PT);26/05/2026 00:00:00;FIN;Recebido de SGP19;18/03/2026 00:00;Secretaria (SGP48);Recebido;56;25
PR 0251/2026;PR;0251;2026;Projeto de PR nº 0251/2026 - Descrição do projeto número 251;Ver. EDISON SANTOS (PDT);Ver. FERNANDO HOLIDAY (Constituinte Exclusivo);05/04/2026 00:00:00;FIN;Recebido de SGP17;04/05/2026 00:00;Secretaria (SGP76);Aprovado;87;16
PR 0252/2026;PR;0252;2026;Projeto de PR nº 0252/2026 - Descrição do projeto número 252;Ver. DELEGADO JOÃO PAULO (PSD);Ver. MILTON COELHO (PP);27/05/2026 00:00:00;FIN;Recebido de SGP56;13/01/2026 00:00;Secretaria (SGP47);Aguardando Pareceres;73;23
PL 0253/2026;PL;0253;2026;Projeto de PL nº 0253/2026 - Descrição do projeto número 253;Ver. TONINHO PAIVA (REPUBLICANOS);Ver. EDISON SANTOS (PDT);21/03/2026 00:00:00;FIN;Recebido de SGP30;25/04/2026 00:00;Secretaria (SGP58);Estudo para manifestação do relator;94;11
PL 0254/2026;PL;0254;2026;Projeto de PL nº 0254/2026 - Descrição do projeto número 254;Ver. TONINHO PAIVA (REPUBLICANOS);Ver. MILTON COELHO (PP);16/01/2026 00:00:00;FIN;Recebido de SGP29;22/02/2026 00:00;Secretaria (SGP73);Em votação;63;17
PLO 0255/2026;PLO;0255;2026;Projeto de PLO nº 0255/2026 - Descrição do projeto número 255;Ver. SONINHA FRANCISCHINI (PL);Ver. SONINHA FRANCISCHINI (PL);26/03/2026 00:00:00;FIN;Recebido de SGP16;23/05/2026 00:00;Secretaria (SGP25);Estudo para manifestação do relator;100;2
PDL 0256/2026;PDL;0256;2026;Projeto de PDL nº 0256/2026 - Descrição do projeto número 256;Ver. DELEGADO JOÃO PAULO (PSD);Ver. KEIT LIMA (PSOL);10/01/2026 00:00:00;FIN;Recebido de SGP68;10/03/2026 00:00;Secretaria (SGP88);Rejeitado;36;12
PL 0257/2026;PL;0257;2026;Projeto de PL nº 0257/2026 - Descrição do projeto número 257;Ver. LUNA ZARATTINI (PT);Ver. SONINHA FRANCISCHINI (PL);07/01/2026 00:00:00;FIN;Recebido de SGP12;12/03/2026 00:00;Secretaria (SGP42);Estudo para manifestação do relator;9;1
PDL 0258/2026;PDL;0258;2026;Projeto de PDL nº 0258/2026 - Descrição do projeto número 258;Ver. JOSÉ POLICE NETO (PSDB);Sem Relator Designado;15/05/2026 00:00:00;FIN;Recebido de SGP48;28/02/2026 00:00;Secretaria (SGP41);Encaminhado para Análise;46;16
PR 0259/2026;PR;0259;2026;Projeto de PR nº 0259/2026 - Descrição do projeto número 259;Ver. FERNANDO HOLIDAY (Constituinte Exclusivo);Ver. MILTON COELHO (PP);20/05/2026 00:00:00;FIN;Recebido de SGP24;18/03/2026 00:00;Secretaria (SGP19);Aprovado;99;4
PL 0260/2026;PL;0260;2026;Projeto de PL nº 0260/2026 - Descrição do projeto número 260;Ver. EDISON SANTOS (PDT);Ver. LUNA ZARATTINI (PT);15/01/2026 00:00:00;FIN;Recebido de SGP88;19/01/2026 00:00;Secretaria (SGP87);Aguardando Pareceres;66;21
PL 0261/2026;PL;0261;2026;Projeto de PL nº 0261/2026 - Descrição do projeto número 261;Ver. LUNA ZARATTINI (PT);Ver. KEIT LIMA (PSOL);11/03/2026 00:00:00;FIN;Recebido de SGP28;15/02/2026 00:00;Secretaria (SGP15);Em votação;58;14
PL 0262/2026;PL;0262;2026;Projeto de PL nº 0262/2026 - Descrição do projeto número 262;Ver. TONINHO PAIVA (REPUBLICANOS);Ver. EDISON SANTOS (PDT);17/03/2026 00:00:00;FIN;Recebido de SGP53;21/03/2026 00:00;Secretaria (SGP89);Aprovado;10;0
PLO 0263/2026;PLO;0263;2026;Projeto de PLO nº 0263/2026 - Descrição do projeto número 263;Ver. CRIS MONTERO (Novo);Ver. FERNANDO HOLIDAY (Constituinte Exclusivo);16/01/2026 00:00:00;FIN;Recebido de SGP65;06/01/2026 00:00;Secretaria (SGP95);Estudo para manifestação do relator;75;21
PL 0264/2026;PL;0264;2026;Projeto de PL nº 0264/2026 - Descrição do projeto número 264;Ver. CRIS MONTERO (Novo);Ver. JOSÉ POLICE NETO (PSDB);15/01/2026 00:00:00;FIN;Recebido de SGP43;12/03/2026 00:00;Secretaria (SGP68);Aprovado;81;2
PR 0265/2026;PR;0265;2026;Projeto de PR nº 0265/2026 - Descrição do projeto número 265;Ver. TONINHO PAIVA (REPUBLICANOS);Sem Relator Designado;11/01/2026 00:00:00;FIN;Recebido de SGP26;08/04/2026 00:00;Secretaria (SGP50);Em votação;97;25
PR 0266/2026;PR;0266;2026;Projeto de PR nº 0266/2026 - Descrição do projeto número 266;Ver. EDISON SANTOS (PDT);Ver. FERNANDO HOLIDAY (Constituinte Exclusivo);30/03/2026 00:00:00;FIN;Recebido de SGP67;17/01/2026 00:00;Secretaria (SGP89);Aguardando Pareceres;2;10
PL 0267/2026;PL;0267;2026;Projeto de PL nº 0267/2026 - Descrição do projeto número 267;Ver. FERNANDO HOLIDAY (Constituinte Exclusivo);Ver. LUNA ZARATTINI (PT);29/05/2026 00:00:00;FIN;Recebido de SGP14;27/02/2026 00:00;Secretaria (SGP50);Rejeitado;21;24
PR 0268/2026;PR;0268;2026;Projeto de PR nº 0268/2026 - Descrição do projeto número 268;Ver. JOSÉ POLICE NETO (PSDB);Sem Relator Designado;25/04/2026 00:00:00;FIN;Recebido de SGP98;01/01/2026 00:00;Secretaria (SGP23);Em votação;46;26
PDL 0269/2026;PDL;0269;2026;Projeto de PDL nº 0269/2026 - Descrição do projeto número 269;Ver. FERNANDO HOLIDAY (Constituinte Exclusivo);Ver. SONINHA FRANCISCHINI (PL);06/04/2026 00:00:00;FIN;Recebido de SGP87;30/01/2026 00:00;Secretaria (SGP64);Em votação;78;25
PL 0270/2026;PL;0270;2026;Projeto de PL nº 0270/2026 - Descrição do projeto número 270;Ver. LUNA ZARATTINI (PT);Ver. KEIT LIMA (PSOL);06/03/2026 00:00:00;FIN;Recebido de SGP74;02/03/2026 00:00;Secretaria (SGP51);Em votação;74;4
PLO 0271/2026;PLO;0271;2026;Projeto de PLO nº 0271/2026 - Descrição do projeto número 271;Ver. CRIS MONTERO (Novo);Ver. MILTON COELHO (PP);10/05/2026 00:00:00;FIN;Recebido de SGP75;05/03/2026 00:00;Secretaria (SGP29);Em votação;62;7
PLO 0272/2026;PLO;0272;2026;Projeto de PLO nº 0272/2026 - Descrição do projeto número 272;Ver. FERNANDO HOLIDAY (Constituinte Exclusivo);Sem Relator Designado;20/01/2026 00:00:00;FIN;Recebido de SGP93;20/04/2026 00:00;Secretaria (SGP40);Rejeitado;80;26
PDL 0273/2026;PDL;0273;2026;Projeto de PDL nº 0273/2026 - Descrição do projeto número 273;Ver. SONINHA FRANCISCHINI (PL);Ver. LUNA ZARATTINI (PT);29/03/2026 00:00:00;FIN;Recebido de SGP95;04/02/2026 00:00;Secretaria (SGP61);Em votação;37;26
PLO 0274/2026;PLO;0274;2026;Projeto de PLO nº 0274/2026 - Descrição do projeto número 274;Ver. LUNA ZARATTINI (PT);Ver. TONINHO PAIVA (REPUBLICANOS);17/05/2026 00:00:00;FIN;Recebido de SGP52;17/05/2026 00:00;Secretaria (SGP11);Recebido;110;5
PLO 0275/2026;PLO;0275;2026;Projeto de PLO nº 0275/2026 - Descrição do projeto número 275;Ver. EDISON SANTOS (PDT);Ver. JOSÉ POLICE NETO (PSDB);05/01/2026 00:00:00;FIN;Recebido de SGP58;04/02/2026 00:00;Secretaria (SGP73);Aprovado;87;4
PLO 0276/2026;PLO;0276;2026;Projeto de PLO nº 0276/2026 - Descrição do projeto número 276;Ver. DELEGADO JOÃO PAULO (PSD);Sem Relator Designado;30/01/2026 00:00:00;FIN;Recebido de SGP78;10/05/2026 00:00;Secretaria (SGP64);Em votação;8;1
PDL 0277/2026;PDL;0277;2026;Projeto de PDL nº 0277/2026 - Descrição do projeto número 277;Ver. TONINHO PAIVA (REPUBLICANOS);Sem Relator Designado;27/03/2026 00:00:00;FIN;Recebido de SGP48;27/05/2026 00:00;Secretaria (SGP95);Aprovado;88;3
PDL 0278/2026;PDL;0278;2026;Projeto de PDL nº 0278/2026 - Descrição do projeto número 278;Ver. DELEGADO JOÃO PAULO (PSD);Ver. EDISON SANTOS (PDT);26/04/2026 00:00:00;FIN;Recebido de SGP17;31/05/2026 00:00;Secretaria (SGP10);Encaminhado para Análise;58;15
PLO 0279/2026;PLO;0279;2026;Projeto de PLO nº 0279/2026 - Descrição do projeto número 279;Ver. TONINHO PAIVA (REPUBLICANOS);Ver. EDISON SANTOS (PDT);21/02/2026 00:00:00;FIN;Recebido de SGP56;02/03/2026 00:00;Secretaria (SGP39);Em votação;101;11
PLO 0280/2026;PLO;0280;2026;Projeto de PLO nº 0280/2026 - Descrição do projeto número 280;Ver. DELEGADO JOÃO PAULO (PSD);Ver. JOSÉ POLICE NETO (PSDB);24/02/2026 00:00:00;FIN;Recebido de SGP60;07/02/2026 00:00;Secretaria (SGP38);Aguardando Pareceres;62;15
PLO 0281/2026;PLO;0281;2026;Projeto de PLO nº 0281/2026 - Descrição do projeto número 281;Ver. LUNA ZARATTINI (PT);Ver. JOSÉ POLICE NETO (PSDB);22/02/2026 00:00:00;FIN;Recebido de SGP76;13/04/2026 00:00;Secretaria (SGP84);Aguardando Notas Taquigráficas;112;27
PR 0282/2026;PR;0282;2026;Projeto de PR nº 0282/2026 - Descrição do projeto número 282;Ver. LUNA ZARATTINI (PT);Ver. EDISON SANTOS (PDT);07/02/2026 00:00:00;FIN;Recebido de SGP95;09/04/2026 00:00;Secretaria (SGP16);Aguardando Notas Taquigráficas;26;14
PR 0283/2026;PR;0283;2026;Projeto de PR nº 0283/2026 - Descrição do projeto número 283;Ver. LUNA ZARATTINI (PT);Ver. MILTON COELHO (PP);02/05/2026 00:00:00;FIN;Recebido de SGP55;30/05/2026 00:00;Secretaria (SGP98);Aguardando Pareceres;75;27
PLO 0284/2026;PLO;0284;2026;Projeto de PLO nº 0284/2026 - Descrição do projeto número 284;Ver. SONINHA FRANCISCHINI (PL);Ver. FERNANDO HOLIDAY (Constituinte Exclusivo);02/03/2026 00:00:00;FIN;Recebido de SGP30;14/04/2026 00:00;Secretaria (SGP80);Em votação;115;20
PLO 0285/2026;PLO;0285;2026;Projeto de PLO nº 0285/2026 - Descrição do projeto número 285;Ver. FERNANDO HOLIDAY (Constituinte Exclusivo);Ver. LUNA ZARATTINI (PT);25/03/2026 00:00:00;FIN;Recebido de SGP34;23/05/2026 00:00;Secretaria (SGP73);Aprovado;115;28
PLO 0286/2026;PLO;0286;2026;Projeto de PLO nº 0286/2026 - Descrição do projeto número 286;Ver. FERNANDO HOLIDAY (Constituinte Exclusivo);Ver. KEIT LIMA (PSOL);27/01/2026 00:00:00;FIN;Recebido de SGP93;16/05/2026 00:00;Secretaria (SGP19);Estudo para manifestação do relator;66;19
PR 0287/2026;PR;0287;2026;Projeto de PR nº 0287/2026 - Descrição do projeto número 287;Ver. SONINHA FRANCISCHINI (PL);Ver. SONINHA FRANCISCHINI (PL);24/05/2026 00:00:00;FIN;Recebido de SGP18;03/02/2026 00:00;Secretaria (SGP52);Aguardando Notas Taquigráficas;76;28
PL 0288/2026;PL;0288;2026;Projeto de PL nº 0288/2026 - Descrição do projeto número 288;Ver. CRIS MONTERO (Novo);Ver. FERNANDO HOLIDAY (Constituinte Exclusivo);13/01/2026 00:00:00;FIN;Recebido de SGP17;15/01/2026 00:00;Secretaria (SGP92);Aguardando Notas Taquigráficas;11;1
PL 0289/2026;PL;0289;2026;Projeto de PL nº 0289/2026 - Descrição do projeto número 289;Ver. FERNANDO HOLIDAY (Constituinte Exclusivo);Ver. FERNANDO HOLIDAY (Constituinte Exclusivo);14/01/2026 00:00:00;FIN;Recebido de SGP28;28/05/2026 00:00;Secretaria (SGP79);Estudo para manifestação do relator;8;25
PR 0290/2026;PR;0290;2026;Projeto de PR nº 0290/2026 - Descrição do projeto número 290;Ver. JOSÉ POLICE NETO (PSDB);Ver. JOSÉ POLICE NETO (PSDB);30/03/2026 00:00:00;FIN;Recebido de SGP24;02/01/2026 00:00;Secretaria (SGP67);Encaminhado para Análise;119;8
PLO 0291/2026;PLO;0291;2026;Projeto de PLO nº 0291/2026 - Descrição do projeto número 291;Ver. TONINHO PAIVA (REPUBLICANOS);Ver. JOSÉ POLICE NETO (PSDB);20/02/2026 00:00:00;FIN;Recebido de SGP21;21/05/2026 00:00;Secretaria (SGP98);Em votação;65;11
PR 0292/2026;PR;0292;2026;Projeto de PR nº 0292/2026 - Descrição do projeto número 292;Ver. DELEGADO JOÃO PAULO (PSD);Ver. KEIT LIMA (PSOL);17/02/2026 00:00:00;FIN;Recebido de SGP48;12/04/2026 00:00;Secretaria (SGP58);Aguardando Notas Taquigráficas;45;20
PLO 0293/2026;PLO;0293;2026;Projeto de PLO nº 0293/2026 - Descrição do projeto número 293;Ver. CRIS MONTERO (Novo);Ver. SONINHA FRANCISCHINI (PL);27/02/2026 00:00:00;FIN;Recebido de SGP53;10/04/2026 00:00;Secretaria (SGP64);Rejeitado;113;24
PL 0294/2026;PL;0294;2026;Projeto de PL nº 0294/2026 - Descrição do projeto número 294;Ver. DELEGADO JOÃO PAULO (PSD);Ver. FERNANDO HOLIDAY (Constituinte Exclusivo);14/03/2026 00:00:00;FIN;Recebido de SGP25;03/05/2026 00:00;Secretaria (SGP27);Estudo para manifestação do relator;43;21
PL 0295/2026;PL;0295;2026;Projeto de PL nº 0295/2026 - Descrição do projeto número 295;Ver. JOSÉ POLICE NETO (PSDB);Ver. JOSÉ POLICE NETO (PSDB);08/01/2026 00:00:00;FIN;Recebido de SGP65;16/02/2026 00:00;Secretaria (SGP77);Encaminhado para Análise;108;10
PL 0296/2026;PL;0296;2026;Projeto de PL nº 0296/2026 - Descrição do projeto número 296;Ver. TONINHO PAIVA (REPUBLICANOS);Ver. SONINHA FRANCISCHINI (PL);11/01/2026 00:00:00;FIN;Recebido de SGP21;27/02/2026 00:00;Secretaria (SGP95);Aguardando Pareceres;108;18
PL 0297/2026;PL;0297;2026;Projeto de PL nº 0297/2026 - Descrição do projeto número 297;Ver. JOSÉ POLICE NETO (PSDB);Ver. LUNA ZARATTINI (PT);17/01/2026 00:00:00;FIN;Recebido de SGP80;27/05/2026 00:00;Secretaria (SGP87);Encaminhado para Análise;104;19
PR 0298/2026;PR;0298;2026;Projeto de PR nº 0298/2026 - Descrição do projeto número 298;Ver. DELEGADO JOÃO PAULO (PSD);Ver. LUNA ZARATTINI (PT);13/01/2026 00:00:00;FIN;Recebido de SGP75;23/03/2026 00:00;Secretaria (SGP81);Aguardando Notas Taquigráficas;59;20
PLO 0299/2026;PLO;0299;2026;Projeto de PLO nº 0299/2026 - Descrição do projeto número 299;Ver. DELEGADO JOÃO PAULO (PSD);Ver. LUNA ZARATTINI (PT);10/03/2026 00:00:00;FIN;Recebido de SGP17;03/05/2026 00:00;Secretaria (SGP13);Encaminhado para Análise;2;4
PDL 0300/2026;PDL;0300;2026;Projeto de PDL nº 0300/2026 - Descrição do projeto número 300;Ver. EDISON SANTOS (PDT);Ver. FERNANDO HOLIDAY (Constituinte Exclusivo);15/01/2026 00:00:00;FIN;Recebido de SGP51;06/01/2026 00:00;Secretaria (SGP39);Em votação;88;1
PLO 0301/2026;PLO;0301;2026;Projeto de PLO nº 0301/2026 - Descrição do projeto número 301;Ver. FERNANDO HOLIDAY (Constituinte Exclusivo);Ver. SONINHA FRANCISCHINI (PL);02/04/2026 00:00:00;FIN;Recebido de SGP75;30/01/2026 00:00;Secretaria (SGP10);Aprovado;119;16
PL 0302/2026;PL;0302;2026;Projeto de PL nº 0302/2026 - Descrição do projeto número 302;Ver. CRIS MONTERO (Novo);Ver. EDISON SANTOS (PDT);22/04/2026 00:00:00;FIN;Recebido de SGP64;25/04/2026 00:00;Secretaria (SGP65);Aguardando Pareceres;33;23
PLO 0303/2026;PLO;0303;2026;Projeto de PLO nº 0303/2026 - Descrição do projeto número 303;Ver. DELEGADO JOÃO PAULO (PSD);Ver. MILTON COELHO (PP);18/03/2026 00:00:00;FIN;Recebido de SGP63;02/05/2026 00:00;Secretaria (SGP42);Estudo para manifestação do relator;93;2
PL 0304/2026;PL;0304;2026;Projeto de PL nº 0304/2026 - Descrição do projeto número 304;Ver. LUNA ZARATTINI (PT);Ver. JOSÉ POLICE NETO (PSDB);19/04/2026 00:00:00;FIN;Recebido de SGP69;28/05/2026 00:00;Secretaria (SGP52);Aguardando Pareceres;59;27
PDL 0305/2026;PDL;0305;2026;Projeto de PDL nº 0305/2026 - Descrição do projeto número 305;Ver. EDISON SANTOS (PDT);Ver. MILTON COELHO (PP);02/03/2026 00:00:00;FIN;Recebido de SGP49;27/02/2026 00:00;Secretaria (SGP52);Recebido;63;0
PLO 0306/2026;PLO;0306;2026;Projeto de PLO nº 0306/2026 - Descrição do projeto número 306;Ver. EDISON SANTOS (PDT);Sem Relator Designado;08/02/2026 00:00:00;FIN;Recebido de SGP15;15/03/2026 00:00;Secretaria (SGP79);Aprovado;28;26
PL 0307/2026;PL;0307;2026;Projeto de PL nº 0307/2026 - Descrição do projeto número 307;Ver. TONINHO PAIVA (REPUBLICANOS);Ver. MILTON COELHO (PP);06/01/2026 00:00:00;FIN;Recebido de SGP17;01/01/2026 00:00;Secretaria (SGP60);Aguardando Pareceres;38;16
PLO 0308/2026;PLO;0308;2026;Projeto de PLO nº 0308/2026 - Descrição do projeto número 308;Ver. EDISON SANTOS (PDT);Ver. KEIT LIMA (PSOL);25/04/2026 00:00:00;FIN;Recebido de SGP55;07/04/2026 00:00;Secretaria (SGP36);Encaminhado para Análise;91;8
PDL 0309/2026;PDL;0309;2026;Projeto de PDL nº 0309/2026 - Descrição do projeto número 309;Ver. SONINHA FRANCISCHINI (PL);Ver. LUNA ZARATTINI (PT);19/02/2026 00:00:00;FIN;Recebido de SGP74;25/03/2026 00:00;Secretaria (SGP12);Aprovado;89;20
PLO 0310/2026;PLO;0310;2026;Projeto de PLO nº 0310/2026 - Descrição do projeto número 310;Ver. LUNA ZARATTINI (PT);Ver. EDISON SANTOS (PDT);27/02/2026 00:00:00;FIN;Recebido de SGP63;08/04/2026 00:00;Secretaria (SGP63);Estudo para manifestação do relator;72;23
PDL 0311/2026;PDL;0311;2026;Projeto de PDL nº 0311/2026 - Descrição do projeto número 311;Ver. SONINHA FRANCISCHINI (PL);Ver. LUNA ZARATTINI (PT);20/01/2026 00:00:00;FIN;Recebido de SGP33;05/04/2026 00:00;Secretaria (SGP40);Aprovado;61;5
PDL 0312/2026;PDL;0312;2026;Projeto de PDL nº 0312/2026 - Descrição do projeto número 312;Ver. TONINHO PAIVA (REPUBLICANOS);Ver. TONINHO PAIVA (REPUBLICANOS);07/05/2026 00:00:00;FIN;Recebido de SGP65;13/02/2026 00:00;Secretaria (SGP70);Em votação;25;19
PDL 0313/2026;PDL;0313;2026;Projeto de PDL nº 0313/2026 - Descrição do projeto número 313;Ver. TONINHO PAIVA (REPUBLICANOS);Ver. KEIT LIMA (PSOL);10/01/2026 00:00:00;FIN;Recebido de SGP78;25/03/2026 00:00;Secretaria (SGP67);Recebido;67;5
PR 0314/2026;PR;0314;2026;Projeto de PR nº 0314/2026 - Descrição do projeto número 314;Ver. CRIS MONTERO (Novo);Ver. EDISON SANTOS (PDT);16/03/2026 00:00:00;FIN;Recebido de SGP13;21/05/2026 00:00;Secretaria (SGP50);Recebido;93;0
PR 0315/2026;PR;0315;2026;Projeto de PR nº 0315/2026 - Descrição do projeto número 315;Ver. EDISON SANTOS (PDT);Ver. LUNA ZARATTINI (PT);09/05/2026 00:00:00;FIN;Recebido de SGP50;25/03/2026 00:00;Secretaria (SGP78);Em votação;7;8
PL 0316/2026;PL;0316;2026;Projeto de PL nº 0316/2026 - Descrição do projeto número 316;Ver. SONINHA FRANCISCHINI (PL);Ver. MILTON COELHO (PP);13/02/2026 00:00:00;FIN;Recebido de SGP35;26/03/2026 00:00;Secretaria (SGP86);Encaminhado para Análise;14;6
PLO 0317/2026;PLO;0317;2026;Projeto de PLO nº 0317/2026 - Descrição do projeto número 317;Ver. TONINHO PAIVA (REPUBLICANOS);Ver. KEIT LIMA (PSOL);23/05/2026 00:00:00;FIN;Recebido de SGP24;10/01/2026 00:00;Secretaria (SGP64);Encaminhado para Análise;119;5
PDL 0318/2026;PDL;0318;2026;Projeto de PDL nº 0318/2026 - Descrição do projeto número 318;Ver. LUNA ZARATTINI (PT);Ver. TONINHO PAIVA (REPUBLICANOS);02/03/2026 00:00:00;FIN;Recebido de SGP11;29/05/2026 00:00;Secretaria (SGP67);Rejeitado;17;27
PR 0319/2026;PR;0319;2026;Projeto de PR nº 0319/2026 - Descrição do projeto número 319;Ver. EDISON SANTOS (PDT);Ver. EDISON SANTOS (PDT);14/03/2026 00:00:00;FIN;Recebido de SGP47;28/03/2026 00:00;Secretaria (SGP72);Aprovado;87;10
PDL 0320/2026;PDL;0320;2026;Projeto de PDL nº 0320/2026 - Descrição do projeto número 320;Ver. LUNA ZARATTINI (PT);Ver. SONINHA FRANCISCHINI (PL);04/02/2026 00:00:00;FIN;Recebido de SGP22;14/04/2026 00:00;Secretaria (SGP25);Recebido;96;22
PLO 0321/2026;PLO;0321;2026;Projeto de PLO nº 0321/2026 - Descrição do projeto número 321;Ver. DELEGADO JOÃO PAULO (PSD);Ver. LUNA ZARATTINI (PT);10/01/2026 00:00:00;FIN;Recebido de SGP41;19/05/2026 00:00;Secretaria (SGP76);Estudo para manifestação do relator;40;30
PR 0322/2026;PR;0322;2026;Projeto de PR nº 0322/2026 - Descrição do projeto número 322;Ver. DELEGADO JOÃO PAULO (PSD);Ver. LUNA ZARATTINI (PT);03/01/2026 00:00:00;FIN;Recebido de SGP38;23/03/2026 00:00;Secretaria (SGP63);Encaminhado para Análise;93;19
PR 0323/2026;PR;0323;2026;Projeto de PR nº 0323/2026 - Descrição do projeto número 323;Ver. SONINHA FRANCISCHINI (PL);Ver. SONINHA FRANCISCHINI (PL);28/02/2026 00:00:00;FIN;Recebido de SGP45;08/03/2026 00:00;Secretaria (SGP51);Estudo para manifestação do relator;70;16
PDL 0324/2026;PDL;0324;2026;Projeto de PDL nº 0324/2026 - Descrição do projeto número 324;Ver. JOSÉ POLICE NETO (PSDB);Ver. KEIT LIMA (PSOL);02/04/2026 00:00:00;FIN;Recebido de SGP57;25/02/2026 00:00;Secretaria (SGP27);Estudo para manifestação do relator;11;16
PR 0325/2026;PR;0325;2026;Projeto de PR nº 0325/2026 - Descrição do projeto número 325;Ver. JOSÉ POLICE NETO (PSDB);Ver. LUNA ZARATTINI (PT);28/03/2026 00:00:00;FIN;Recebido de SGP47;14/02/2026 00:00;Secretaria (SGP89);Recebido;81;24
PR 0326/2026;PR;0326;2026;Projeto de PR nº 0326/2026 - Descrição do projeto número 326;Ver. FERNANDO HOLIDAY (Constituinte Exclusivo);Ver. EDISON SANTOS (PDT);19/04/2026 00:00:00;FIN;Recebido de SGP83;11/04/2026 00:00;Secretaria (SGP74);Rejeitado;55;24
PLO 0327/2026;PLO;0327;2026;Projeto de PLO nº 0327/2026 - Descrição do projeto número 327;Ver. FERNANDO HOLIDAY (Constituinte Exclusivo);Ver. FERNANDO HOLIDAY (Constituinte Exclusivo);19/03/2026 00:00:00;FIN;Recebido de SGP55;22/01/2026 00:00;Secretaria (SGP17);Rejeitado;74;26
PDL 0328/2026;PDL;0328;2026;Projeto de PDL nº 0328/2026 - Descrição do projeto número 328;Ver. DELEGADO JOÃO PAULO (PSD);Ver. KEIT LIMA (PSOL);07/05/2026 00:00:00;FIN;Recebido de SGP22;03/04/2026 00:00;Secretaria (SGP67);Aprovado;66;19
PR 0329/2026;PR;0329;2026;Projeto de PR nº 0329/2026 - Descrição do projeto número 329;Ver. JOSÉ POLICE NETO (PSDB);Ver. JOSÉ POLICE NETO (PSDB);25/03/2026 00:00:00;FIN;Recebido de SGP73;20/01/2026 00:00;Secretaria (SGP37);Aguardando Pareceres;42;12
